Term,Project,TopicID,Screen#,Template Type,Category,Status,Type,Title or Non Title,Title,Instruction,Tooltip,Webhost link,Title by
2,MOE_SCI,SC5_L009_Investigate_1,6,Custom DND,A1,Done,Drag and Drop,inTitle,Drag and Drop,Drag and drop the sources of water in order from the largest amount to the smallest.,,https://webhost.mitrmedia.com/ftp/alef_simulation_development/Alef_LOs_Term2/To_Client/Beta/LOs/MOE/G5/SC5_L009_Investigate_1/app/,Aditi
2,MOE_SCI,SC7_L009_Learn_2,4,Custom DND,A1,Done,Drag and Drop,inTitle,Drag and Drop,Drag the label to its correct spot.,,https://webhost.mitrmedia.com/ftp/alef_simulation_development/Alef_LOs_Term2/To_Client/Gold/LOs/MOE/G7/SC7_L009_Learn_2/app/,Aditi
2,MOE_SCI,SC8_L015_Learn_2,2,Custom DND,A1,Done,Drag and Drop,inTitle,Drag and Drop,Label the strength of the magnetic field at each place.,,https://webhost.mitrmedia.com/ftp/alef_simulation_development/Alef_LOs_Term2/To_Client/Gold/LOs/MOE/G8/SC8_L015_Learn_2/app/index.html,Aditi
2,MOE_SCI,SC8_L015_Review,6,Custom DND,A1,Done,Drag and Drop,inTitle,Drag and Drop,Drag and drop the words to complete the table.,,https://webhost.mitrmedia.com/ftp/alef_simulation_development/Alef_LOs_Term2/To_Client/Beta/LOs/MOE/G8/SC8_L015_Review/app/index.html,Aditi
2,MOE_SCI,SC5_L010_Investigate_1,7,Custom DND,A1,Done,Drag and Drop,inTitle,,Use the observations you made during the activity to complete the graphic organizer.,,https://webhost.mitrmedia.com/ftp/alef_simulation_development/Alef_LOs_Term2/To_Client/Gold/LOs/MOE/G5/SC5_L010_Investigate_1/app/index.html,Aditi
2,MOE_SCI,SC7_L010_Review,4,Custom DND,B1,Done,Drag and Drop,inTitle,,Identify the state change that happens when you remove energy from a system.,,https://webhost.mitrmedia.com/ftp/alef_simulation_development/Alef_LOs_Term2/To_Client/Beta/LOs/MOE/G7/SC7_L010_Review/app/index.html,Aditi
2,MOE_SCI,SC5_L010_Learn_2,2,Custom DND,B1,Done,Drag and Drop,NotInTitle,,Drag and drop each positive impact on water resources to the correct picture.,,https://webhost.mitrmedia.com/ftp/alef_simulation_development/Alef_LOs_Term2/To_Client/Gold/LOs/MOE/G5/SC5_L010_Learn_2/app/index.html,Aditi
2,MOE_SCI,SC5_L010_Review,4,Custom DND,B1,Done,Drag and Drop,NotInTitle,,Identify the causes and effects of acid rain ,,https://webhost.mitrmedia.com/ftp/alef_simulation_development/Alef_LOs_Term2/To_Client/Gold/LOs/MOE/G5/SC5_L010_Review/app/,Aditi
2,MOE_SCI,SC8_L016_Investigate_1,7,Custom DND,A1,Done,Drag and Drop,NotInTitle,,Drag and drop the words to complete the sentences and axis titles below.,,https://webhost.mitrmedia.com/ftp/alef_simulation_development/Alef_LOs_Term2/To_Client/Beta/LOs/MOE/G8/SC8_L016_Investigate_1/app/index.html,Aditi
2,MOE_SCI,SC6_L012_Learn_2,5,Custom DND,A1,Done,Drag and Drop,NotInTitle,,Drag and drop to identify the functions of different cell types.,,https://webhost.mitrmedia.com/ftp/alef_simulation_development/Alef_LOs_Term2/To_Client/Gold/LOs/MOE/G6/SC6_L012_Learn_2/app/,Aditi
2,MOE_SCI,SC8_L017_Learn_1,2,Custom DND,A1,Done,Drag and Drop,NotInTitle,,Drag and drop the words to complete the table.,,https://webhost.mitrmedia.com/ftp/alef_simulation_development/Alef_LOs_Term2/To_Client/Beta/LOs/MOE/G8/SC8_L017_Learn_1/app/index.html,Aditi
2,MOE_SCI,SC8_L017_Review,2,Custom DND,A1,Done,Drag and Drop,NotInTitle,,Drag and drop the words to correctly label the image.,,https://webhost.mitrmedia.com/ftp/alef_simulation_development/Alef_LOs_Term2/To_Client/Beta/LOs/MOE/G8/SC8_L017_Review/app/index.html,Aditi
2,MOE_SCI,SC8_L018_Learn_1,4,Custom DND,A1,Done,Drag and Drop,NotInTitle,,Place the arrows to show the direction of the magnetic field around this wire.,,https://webhost.mitrmedia.com/ftp/alef_simulation_development/Alef_LOs_Term2/To_Client/Beta/LOs/MOE/G8/SC8_L018_Learn_1/app/index.html,Aditi
2,MOE_SCI,SC7_L011_Review,2,Custom DND,A1,Done,Drag and Drop,NotInTitle,,Label each graph with the correct axis and type of relationship.,,https://webhost.mitrmedia.com/ftp/alef_simulation_development/Alef_LOs_Term2/To_Client/Gold/LOs/MOE/G7/SC7_L011_Review/app/index.html,Aditi
2,MOE_SCI,SC8_L017_Investigate_1,6,Custom DND,A1,Done,Drag and Drop,NotInTitle,,Click on the hotspots to learn about the states of matter.,,https://webhost.mitrmedia.com/ftp/alef_simulation_development/Alef_LOs_Term2/To_Client/Gold/LOs/MOE/G8/SC8_L017_Investigate_1/app/index.html,Aditi
2,MOE_SCI,SC6_L013_Learn_1,7,Custom DND,A1,Done,Drag and Drop,inTitle,,Drag and drop the correct tissue type onto the leaf.,,https://webhost.mitrmedia.com/ftp/alef_simulation_development/Alef_LOs_Term2/To_Client/Gold/LOs/MOE/G6/SC6_L013_Learn_1/app/index.html,Aditi
2,MOE_SCI,SC8_L018_Investigate_2,6,Custom DND,A1,Done,Drag and Drop,NotInTitle,,Below are observations from another student. Place the words to complete the sentences.,,https://webhost.mitrmedia.com/ftp/alef_simulation_development/Alef_LOs_Term2/To_Client/Gold/LOs/MOE/G8/SC8_L018_Investigate_2/app/,Aditi
2,MOE_SCI,SC8_L018_Investigate_3,5,Custom DND,A1,Done,Drag and Drop,NotInTitle,,Investigating an Electric Generator,,https://webhost.mitrmedia.com/ftp/alef_simulation_development/Alef_LOs_Term2/To_Client/Beta/LOs/MOE/G8/SC8_L018_Investigate_3/app/index.html,Aditi
2,MOE_SCI,SC8_L019_Learn_1,5,Custom DND,B1,Done,Drag and Drop,NotInTitle,,Drag and drop the terms to correctly label the picture below.,,https://webhost.mitrmedia.com/ftp/alef_simulation_development/Alef_LOs_Term2/To_Client/Gold/LOs/MOE/G8/SC8_L019_Learn_1/app/,Aditi
2,MOE_SCI,SC8_L019_Learn_2,4,Custom DND,A1,Done,Drag and Drop,NotInTitle,,Place the sound in its correct decibel value.,,https://webhost.mitrmedia.com/ftp/alef_simulation_development/Alef_LOs_Term2/To_Client/Gold/LOs/MOE/G8/SC8_L019_Learn_2/app/index.html,Aditi
2,MOE_SCI,SC8_L019_Review,4,Custom DND,A1,Done,Drag and Drop,NotInTitle,,Drag and drop the option to correctly label each wave.,,https://webhost.mitrmedia.com/ftp/alef_simulation_development/Alef_LOs_Term2/To_Client/Gold/LOs/MOE/G8/SC8_L019_Review/app/index.html,Aditi
2,MOE_SCI,SC5_L012_Investigate_1,6,Custom DND,C1,Done,Drag and Drop,NotInTitle,,Sam has the following materials: Sand: pH 5.3 Potting Soil: pH 6.2 Complete the table.,,https://webhost.mitrmedia.com/ftp/alef_simulation_development/Alef_LOs_Term2/To_Client/Gold/LOs/MOE/G5/SC5_L012_Investigate_1/app/index.html,Aditi
2,MOE_SCI,SC5_L013_Learn_2,6,Custom DND,A1,Done,Drag and Drop,NotInTitle,What are some types of storms?,Identify the type of storm and complete the sentences.,,https://webhost.mitrmedia.com/ftp/alef_simulation_development/Alef_LOs_Term2/To_Client/Gold/LOs/MOE/G5/SC5_L013_Learn_2/app/index.html,Aditi
2,MOE_SCI,SC6_L015_Review,4,Custom DND,A1,Done,Drag and Drop,NotInTitle,,Drag and drop the correct name for each part of the digestive system.,,https://webhost.mitrmedia.com/ftp/alef_simulation_development/Alef_LOs_Term2/To_Client/Alpha/LOs/MOE/G6/SC6_L015_Review/app/,Aditi
2,MOE_SCI,SC7_L014_Learn_2,3,Custom DND,A1,Done,Drag and Drop,NotInTitle,,Compare the number of atoms and amu of the reactants and products. Complete the diagram.,,https://webhost.mitrmedia.com/ftp/alef_simulation_development/Alef_LOs_Term2/To_Client/Gold/LOs/MOE/G7/SC7_L014_Learn_2/app/,Aditi
2,MOE_SCI,SC8_L021_Review,2,Custom DND,B1,Done,Drag and Drop,inTitle,,Order the types of electromagnetic waves from lowest to highest radiant energy.,,https://webhost.mitrmedia.com/ftp/alef_simulation_development/Alef_LOs_Term2/To_Client/Gold/LOs/MOE/G8/SC8_L021_Review/app/,Aditi
2,MOE_SCI,SC8_L022_Review,2,Custom DND,A1,Done,Drag and Drop,NotInTitle,,Drag and drop the option to correctly label the picture.,,https://webhost.mitrmedia.com/ftp/alef_simulation_development/Alef_LOs_Term2/To_Client/Gold/LOs/MOE/G8/SC8_L022_Review/app/index.html,Aditi
2,MOE_SCI,SC5_L014_Review,2,Custom DND,A1,Done,Drag and Drop,NotInTitle,,Identify the types of natural resources  and their examples.,,https://webhost.mitrmedia.com/ftp/alef_simulation_development/Alef_LOs_Term2/To_Client/Gold/LOs/MOE/G5/SC5_L014_Review/app/index.html,Aditi
2,MOE_SCI,SC8_L023_Review,2,Custom DND,A1,Done,Drag and Drop,inTitle,,Place the light rays in their correct position below.,,https://webhost.mitrmedia.com/ftp/alef_simulation_development/Alef_LOs_Term2/To_Client/Gold/LOs/MOE/G8/SC8_L023_Review/app/,Aditi
2,MOE_SCI,SC6_L016_Review,6,Custom DND,A1,Done,Drag and Drop,NotInTitle,,Drag the correct terms to the correct location of the respiratory system.,,https://webhost.mitrmedia.com/ftp/alef_simulation_development/Alef_LOs_Term2/To_Client/Gold/LOs/MOE/G6/SC6_L016_Review/app/index.html,Aditi
2,MOE_SCI,SC8_L024_Learn_1,5,Custom DND,A1,Done,Drag and Drop,inTitle,,Drag and drop the colors to correctly label the rays of light.,,https://webhost.mitrmedia.com/ftp/alef_simulation_development/Alef_LOs_Term2/To_Client/Gold/LOs/MOE/G8/SC8_L024_Learn_1/app/index.html,Aditi
2,MOE_SCI,SC8_L024_Review,4,Custom DND,A1,Done,Drag and Drop,NotInTitle,,Drag and drop the terms to correctly label the image.,,https://webhost.mitrmedia.com/ftp/alef_simulation_development/Alef_LOs_Term2/To_Client/Gold/LOs/MOE/G8/SC8_L024_Review/app/index.html,Aditi
2,MOE_SCI,SC6_L017_Review,2,Custom DND,B1,Done,Drag and Drop,inTitle,,Drag and drop to complete the chart.,,https://webhost.mitrmedia.com/ftp/alef_simulation_development/Alef_LOs_Term2/To_Client/Gold/LOs/MOE/G6/SC6_L017_Review/app/index.html,Aditi
2,MOE_SCI,SC5_L009_Review_01,1,Hotspot,,Done,,,,No instruction,,https://webhost.mitrmedia.com/ftp/alef_simulation_development/Alef_LOs_Term2/To_Client/Gold/LOs/MOE/G5/SC5_L009_Review_01/app/index.html,Aditi
2,MOE_SCI,SC6_L011_Learn_2,6,Hotspot,,Done,,,,The 3 domains are classified into 6 kingdoms. Click to explore.,,https://webhost.mitrmedia.com/ftp/alef_simulation_development/Alef_LOs_Term2/To_Client/Gold/LOs/MOE/G6/SC6_L011_Learn_2/app/index.html,Aditi
2,MOE_SCI,SC7_L009_Learn_1,3,Hotspot,,Done,,,,Click on the hotspots to learn about the states of matter.,,https://webhost.mitrmedia.com/ftp/alef_simulation_development/Alef_LOs_Term2/To_Client/Gold/LOs/MOE/G7/SC7_L009_Learn_1/app/,Aditi
2,MOE_SCI,SC7_L009_Learn_2,3,Hotspot,,Done,,,,Click on the hotspots to see how we represent compounds.,,https://webhost.mitrmedia.com/ftp/alef_simulation_development/Alef_LOs_Term2/To_Client/Gold/LOs/MOE/G7/SC7_L009_Learn_2/app/,Aditi
2,MOE_SCI,SC7_L009_Review,5,Hotspot,,Done,,,,click on the hotspots to review compounds and chemical formulas.,,https://webhost.mitrmedia.com/ftp/alef_simulation_development/Alef_LOs_Term2/To_Client/Gold/LOs/MOE/G7/SC7_L009_Review/app/index.html,Aditi
2,MOE_SCI,SC8_L015_Learn_2,3,Hotspot,,Done,,,,Click the parts of the image to learn about magnetic fields.,,https://webhost.mitrmedia.com/ftp/alef_simulation_development/Alef_LOs_Term2/To_Client/Gold/LOs/MOE/G8/SC8_L015_Learn_2/app/index.html,Aditi
2,MOE_SCI,SC8_L015_Review,1,Hotspot,,Done,,,,Click on the picture to review information about magnets.,,https://webhost.mitrmedia.com/ftp/alef_simulation_development/Alef_LOs_Term2/To_Client/Beta/LOs/MOE/G8/SC8_L015_Review/app/index.html,Aditi
2,MOE_SCI,SC7_L010_Learn_2,4,Hotspot,,Done,,,,Click to learn about temperature and state changes.,,https://webhost.mitrmedia.com/ftp/alef_simulation_development/Alef_LOs_Term2/To_Client/Gold/LOs/MOE/G7/SC7_L010_Learn_2/app/index.html,Aditi
2,MOE_SCI,SC7_L010_Review,3,Hotspot,,Done,,,,Click to see how temperature affects the state of matter.,,https://webhost.mitrmedia.com/ftp/alef_simulation_development/Alef_LOs_Term2/To_Client/Beta/LOs/MOE/G7/SC7_L010_Review/app/index.html,Aditi
2,MOE_SCI,SC5_L010_Review,1,Hotspot,,Done,,,,Click the hotspots to learn about negative effects on water.,,https://webhost.mitrmedia.com/ftp/alef_simulation_development/Alef_LOs_Term2/To_Client/Gold/LOs/MOE/G5/SC5_L010_Review/app/,Aditi
2,MOE_SCI,SC8_L016_Review,1,Hotspot,,Done,,,,Click the buttons to review electric charges and forces.,,https://webhost.mitrmedia.com/ftp/alef_simulation_development/Alef_LOs_Term2/To_Client/Beta/LOs/MOE/G8/SC8_L016_Review/app/index.html,Aditi
2,MOE_SCI,SC5_L011_Learn_02,5,Hotspot,,Done,,,,Click to learn how glaciers affect erosion and deposition.,,https://webhost.mitrmedia.com/ftp/alef_simulation_development/Alef_LOs_Term2/To_Client/Gold/LOs/MOE/G5/SC5_L011_Learn_02/app/index.html,Aditi
2,MOE_SCI,SC8_L017_Review,1,Hotspot,,Done,,,,Click on the image to review simple circuits.,,https://webhost.mitrmedia.com/ftp/alef_simulation_development/Alef_LOs_Term2/To_Client/Beta/LOs/MOE/G8/SC8_L017_Review/app/index.html,Aditi
2,MOE_SCI,SC7_L011_Review,1,Hotspot,,Done,,,,Let's review pressure changes and types of relationships.,,https://webhost.mitrmedia.com/ftp/alef_simulation_development/Alef_LOs_Term2/To_Client/Gold/LOs/MOE/G7/SC7_L011_Review/app/index.html,Aditi
2,MOE_SCI,SC5_L011_Review,1,Hotspot,,Done,,,,Click the spots to review erosion and deposition.,,https://webhost.mitrmedia.com/ftp/alef_simulation_development/Alef_LOs_Term2/To_Client/Beta/LOs/MOE/G5/SC5_L011_Review/app/,Aditi
2,MOE_SCI,SC5_L012_Learn_1,6,Hotspot,,Done,,,,Click the spots to learn how volcanoes form.,,https://webhost.mitrmedia.com/ftp/alef_simulation_development/Alef_LOs_Term2/To_Client/Beta/LOs/MOE/G5/SC5_L012_Learn_1/app/,Aditi
2,MOE_SCI,SC8_L018_Review,3,Hotspot,,Done,,,,Click the titles below to review motors and generators.,,https://webhost.mitrmedia.com/ftp/alef_simulation_development/Alef_LOs_Term2/To_Client/Beta/LOs/MOE/G8/SC8_L018_Review/app/,Aditi
2,MOE_SCI,SC7_L012_Review,5,Hotspot,,Done,,,,Click through the hotspots.,,https://webhost.mitrmedia.com/ftp/alef_simulation_development/Alef_LOs_Term2/To_Client/Gold/LOs/MOE/G7/SC7_L012_Review/app/,Aditi
2,MOE_SCI,SC8_L018_Learn_2,6,Hotspot,,Done,,,,The factors below affect the size of the electric current. ,,https://webhost.mitrmedia.com/ftp/alef_simulation_development/Alef_LOs_Term2/To_Client/Alpha/LOs/MOE/G8/SC8_L018_Learn_2/app/,Aditi
2,MOE_SCI,SC8_L018_Investigate_3,3,Hotspot,,Done,,,,Click the buttons below to set up your investigation. ,,https://webhost.mitrmedia.com/ftp/alef_simulation_development/Alef_LOs_Term2/To_Client/Beta/LOs/MOE/G8/SC8_L018_Investigate_3/app/index.html,Aditi
2,MOE_SCI,SC8_L019_Review,1,Hotspot,,Done,,,,Click the hotspots to review what you learned about wave types.,,https://webhost.mitrmedia.com/ftp/alef_simulation_development/Alef_LOs_Term2/To_Client/Gold/LOs/MOE/G8/SC8_L019_Review/app/index.html,Aditi
2,MOE_SCI,SC6_L014_Learn_1,5,Hotspot,,Done,,,,Click each joint to learn more about moveable joints.,,https://webhost.mitrmedia.com/ftp/alef_simulation_development/Alef_LOs_Term2/To_Client/Gold/LOs/MOE/G6/SC6_L014_Learn_1/app/index.html,Aditi
2,MOE_SCI,SC5_L013_Review,1,Hotspot,,Done,,,,Click on the hotspots to review weather and climate.,,https://webhost.mitrmedia.com/ftp/alef_simulation_development/Alef_LOs_Term2/To_Client/Gold/LOs/MOE/G5/SC5_L013_Review/app/,Aditi
2,MOE_SCI,SC6_L015_Learn_2,3,Hotspot,,Done,,,,Click on the parts of the digestive system to learn more.,,https://webhost.mitrmedia.com/ftp/alef_simulation_development/Alef_LOs_Term2/To_Client/Gold/LOs/MOE/G6/SC6_L015_Learn_2/app/index.html,Aditi
2,MOE_SCI,SC8_L020_Learn_1,5,Hotspot,,Done,,,,"The human ear is made of three main areas called the outer, middle, and inner ear.",,https://webhost.mitrmedia.com/ftp/alef_simulation_development/Alef_LOs_Term2/To_Client/Beta/LOs/MOE/G8/SC8_L020_Learn_1/app/,Aditi
2,MOE_SCI,SC7_L014_SecondLook_2,1,Hotspot,,Done,,,,Click to learn more about the parts of a chemical equation.,,https://webhost.mitrmedia.com/ftp/alef_simulation_development/Alef_LOs_Term2/To_Client/Gold/LOs/MOE/G7/SC7_L014_SecondLook_2/app/index.html,Aditi
2,MOE_SCI,SC6_L016_Learn_1,4,Hotspot,,Done,,,,Click each label to learn how animals transport blood.,,https://webhost.mitrmedia.com/ftp/alef_simulation_development/Alef_LOs_Term2/To_Client/Gold/LOs/MOE/G6/SC6_L016_Learn_1/app/index.html,Aditi
2,MOE_SCI,SC6_L016_Learn_2,2,Hotspot,,Done,,,,Click the labels to learn about the human respiratory System.,,https://webhost.mitrmedia.com/ftp/alef_simulation_development/Alef_LOs_Term2/To_Client/Gold/LOs/MOE/G6/SC6_L016_Learn_2/app/index.html,Aditi
2,MOE_SCI,SC8_L022_Learn_1,3,Hotspot,,Done,,,,Click the parts of the image to learn about the reflection of light.,,https://webhost.mitrmedia.com/ftp/alef_simulation_development/Alef_LOs_Term2/To_Client/Gold/LOs/MOE/G8/SC8_L022_Learn_1/app/,Aditi
2,MOE_SCI,SC5_L014_Learn_1,4,Hotspot,,Done,,,,Click the hotspots to learn more about Earth's resources.,,https://webhost.mitrmedia.com/ftp/alef_simulation_development/Alef_LOs_Term2/To_Client/Gold/LOs/MOE/G5/SC5_L014_Learn_1/app/,Aditi
2,MOE_SCI,SC6_L016_Investigate_1,5,Hotspot,,Done,,,,,,https://webhost.mitrmedia.com/ftp/alef_simulation_deveopment/Alef_LOs_Term2/To_Client/Gold/LOs/MOE/G6/SC6_L016_Investigate_1/app/index.html,Aditi
2,MOE_SCI,SC7_L017_Learn_1,4,Hotspot,,Done,,,,Click to learn about factors that affect soil formation.,,https://webhost.mitrmedia.com/ftp/alef_simulation_development/Alef_LOs_Term2/To_Client/Beta/LOs/MOE/G7/SC7_L017_Learn_1/app/index.html,Aditi
2,MOE_SCI,SC8_L023_Learn_1,5,Hotspot,,Done,,,,Click to explore the ray diagrams. ,,https://webhost.mitrmedia.com/ftp/alef_simulation_development/Alef_LOs_Term2/To_Client/Gold/LOs/MOE/G8/SC8_L023_Learn_1/app/index.html,Aditi
2,MOE_SCI,SC6_L017_Learn_1,4,Hotspot,,Done,,,,Click the hotspots to explore the nervous system structure. ,,https://webhost.mitrmedia.com/ftp/alef_simulation_development/Alef_LOs_Term2/To_Client/Gold/LOs/MOE/G6/SC6_L017_Learn_1/app/,Aditi
2,MOE_SCI,SC6_L016_Review,3,Hotspot,,Done,,,,Click each label to review how animals transport materials. ,,https://webhost.mitrmedia.com/ftp/alef_simulation_development/Alef_LOs_Term2/To_Client/Gold/LOs/MOE/G6/SC6_L016_Review/app/index.html,Aditi
2,MOE_SCI,SC7_L018_Learn_2,2,Hotspot,,Done,,,,Click to learn more about overpumping groundwater.,,https://webhost.mitrmedia.com/ftp/alef_simulation_development/Alef_LOs_Term2/To_Client/Beta/LOs/MOE/G7/SC7_L018_Learn_2/app/index.html,Aditi
2,MOE_SCI,SC7_L019_Learn_1,5,Hotspot,,Done,,,,Click the hotspots to learn more about synthetic materials.,,https://webhost.mitrmedia.com/ftp/alef_simulation_development/Alef_LOs_Term2/To_Client/Gold/LOs/MOE/G7/SC7_L019_Learn_1/app/,Aditi
2,MOE_SCI,SC7_L019_Investigate_1,6,Hotspot,,Done,,,,How are synthetic materials created?,,https://webhost.mitrmedia.com/ftp/alef_simulation_development/Alef_LOs_Term2/To_Client/Beta/LOs/MOE/G7/SC7_L019_Investigate_1/app/index.html,Aditi
2,MOE_SCI,SC6_L017_Learn_2,4,Hotspot,,Done,,,,Click to learn about the structure and function of the eye.,,https://webhost.mitrmedia.com/ftp/alef_simulation_development/Alef_LOs_Term2/To_Client/Gold/LOs/MOE/G6/SC6_L017_Learn_2/app/index.html,Aditi
2,MOE_SCI,SC6_L017_Review,3,Hotspot,,Done,,,,Click on each sence to review how it works.,,https://webhost.mitrmedia.com/ftp/alef_simulation_development/Alef_LOs_Term2/To_Client/Gold/LOs/MOE/G6/SC6_L017_Review/app/index.html,Aditi
2,MOE_SCI,SC7_L020_Investigate_1,3,Hotspot,,Done,,,,Small Amounts Can be Managed. What About Large Amouints?,,https://webhost.mitrmedia.com/ftp/alef_simulation_development/Alef_LOs_Term2/To_Client/Gold/LOs/MOE/G7/SC7_L020_Investigate_1/app/,Aditi
2,NCE_SCI,CS_SC6_L012_Learn_2,5,Custom DND,A1,Done,Drag and Drop,NotInTitle,,Place the correct offspring alleles in the correct box.,,https://webhost.mitrmedia.com/ftp/alef_simulation_development/Alef_LOs_Term2/To_Client/Gold/LOs/NCE/G6/CS_SC6_L012_Learn_2/app/index.html,Aditi
2,NCE_SCI,CS_SC6_L013_Investigate_1,6,Custom DND,B1,Done,Drag and Drop,NotInTitle,,Drag and drop the offspring genotypes that resulted from each type of reproduction,,https://webhost.mitrmedia.com/ftp/alef_simulation_development/Alef_LOs_Term2/To_Client/Beta/LOs/NCE/G6/CS_SC6_L013_Investigate_1/app/index.html,Aditi
2,NCE_SCI,CS_SC7_L017_Investigate_1,6,Custom DND,A1,Done,Drag and Drop,inTitle,,Drag and drop the words to sort these parts of a school ecosystem.,,https://webhost.mitrmedia.com/ftp/alef_simulation_development/Alef_LOs_Term2/To_Client/Gold/LOs/NCE/G7/CS_SC7_L017_Investigate_1/app/index.html,Aditi
2,NCE_SCI,CS_SC6_L014_Investigate_1,6,Custom DND,A1,Done,Drag and Drop,inTitle,,Drag and drop the fruit in increasing order from the fewest to the most seeds.,,https://webhost.mitrmedia.com/ftp/alef_simulation_development/Alef_LOs_Term2/To_Client/Gold/LOs/NCE/G6/CS_SC6_L014_Investigate_1/app/index.html,Aditi
2,NCE_SCI,CS_SC9_L019_SecondLook_1,2,Custom DND,A1,Done,Drag and Drop,inTitle,,Drag and drop the words to the correct place in the picture.,,https://webhost.mitrmedia.com/ftp/alef_simulation_development/Alef_LOs_Term2/To_Client/Alpha/LOs/NCE/G9/CS_SC9_L019_SecondLook_1/app/index.html,Aditi
2,NCE_SCI,CS_SC9_L018_Investigate_1,6,Custom DND,A1,Done,Drag and Drop,inTitle,,Drag and drop the words to sort these parts of a school ecosystem.,,https://webhost.mitrmedia.com/ftp/alef_simulation_development/Alef_LOs_Term2/To_Client/Gold/LOs/NCE/G9/CS_SC9_L018_Investigate_1/app/index.html,Aditi
2,NCE_SCI,CS_SC8_L022_Investigate_1,6,Custom DND,A1,Done,Drag and Drop,NotInTitle,,This graph shows results from a similar experiment. Label the graph.,,https://webhost.mitrmedia.com/ftp/alef_simulation_development/Alef_LOs_Term2/To_Client/Gold/LOs/NCE/G8/CS_SC8_L022_Investigate_1/app/index.html,Aditi
2,NCE_SCI,CS_SC6_L015_Learn_1,5,Custom DND,A1,Done,Drag and Drop,NotInTitle,,Identify the courtship behaviour that each picture shows.,,https://webhost.mitrmedia.com/ftp/alef_simulation_development/Alef_LOs_Term2/To_Client/Beta/LOs/NCE/G6/CS_SC6_L015_Learn_1/app/,Aditi
2,NCE_SCI,CS_SC6_L015_Learn_2,4,Custom DND,A1,Done,Drag and Drop,NotInTitle,,Identify the parenting behaviour that each picture shows.,,https://webhost.mitrmedia.com/ftp/alef_simulation_development/Alef_LOs_Term2/To_Client/Gold/LOs/NCE/G6/CS_SC6_L015_Learn_2/app/,Aditi
2,NCE_SCI,CS_SC6_L016_Investigate_1,4,Custom DND,A1,Done,Drag and Drop,NotInTitle,,Drag the labels to identify the features on the weather map.,,https://webhost.mitrmedia.com/ftp/alef_simulation_development/Alef_LOs_Term2/To_Client/Beta/LOs/NCE/G6/CS_SC6_L016_Investigate_1/app/index.html,Aditi
2,NCE_SCI,CS_SC5_L014_Learn_1,2,Custom DND,A1,Done,Fill in the Blanks,NotInTitle,,Fill the spaces to identify the what and why of going green.,,https://webhost.mitrmedia.com/ftp/alef_simulation_development/Alef_LOs_Term2/To_Client/Gold/LOs/NCE/G5/CS_SC5_L014_Learn_1/app/index.html,Aditi
2,NCE_SCI,CS_SC9_L023_Learn_1,4,Custom DND,A1,Done,Drag and Drop,inTitle,,Drag and drop the images of the phases of cell division in their correct order.,,https://webhost.mitrmedia.com/ftp/alef_simulation_development/Alef_LOs_Term2/To_Client/Gold/LOs/NCE/G9/CS_SC9_L023_Learn_1/app/,Aditi
2,NCE_SCI,CS_SC5_L011_Learn_02,3,Hotspot,,Done,,,,Click the picture to explore the bioshere.,,https://webhost.mitrmedia.com/ftp/alef_simulation_development/Alef_LOs_Term2/To_Client/Gold/LOs/NCE/G5/CS_SC5_L011_Learn_02/app/index.html,Aditi
2,NCE_SCI,CS_SC9_L016_Learn_1,4,Hotspot,,Done,,,,Click on the terms to learn about karyotypes.,,https://webhost.mitrmedia.com/ftp/alef_simulation_development/Alef_LOs_Term2/To_Client/Beta/LOs/NCE/G9/CS_SC9_L016_Learn_1/app/index.html,Aditi
2,NCE_SCI,CS_SC9_L016_Learn_2,3,Hotspot,,Done,,,,Click the text labels to learn about DNA replication.,,https://webhost.mitrmedia.com/ftp/alef_simulation_development/Alef_LOs_Term2/To_Client/Gold/LOs/NCE/G9/CS_SC9_L016_Learn_2/app/index.html,Aditi
2,NCE_SCI,CS_SC6_L012_Learn_1,4,Hotspot,,Done,,,,Let's learn about what influences our traits.,,https://webhost.mitrmedia.com/ftp/alef_simulation_development/Alef_LOs_Term2/To_Client/Gold/LOs/NCE/G6/CS_SC6_L012_Learn_1/app/index.html,Aditi
2,NCE_SCI,CS_SC6_L013_Learn_1,3,Hotspot,,Done,,,,Click the spots to learn about reproduction.,,https://webhost.mitrmedia.com/ftp/alef_simulation_development/Alef_LOs_Term2/To_Client/Gold/LOs/NCE/G6/CS_SC6_L013_Learn_1/app/index.html,Aditi
2,NCE_SCI,CS_SC7_L017_Learn_1,3,Hotspot,,Done,,,,Click the hotspots to learn about parts of ecosystms. ,,https://webhost.mitrmedia.com/ftp/alef_simulation_development/Alef_LOs_Term2/To_Client/Gold/LOs/NCE/G7/CS_SC7_L017_Learn_1/app/,Aditi
2,NCE_SCI,CS_SC7_L017_Learn_2,2,Hotspot,,Done,,,,Click the hotspots to learn about the levels of ecosystems.,,https://webhost.mitrmedia.com/ftp/alef_simulation_development/Alef_LOs_Term2/To_Client/Gold/LOs/NCE/G7/CS_SC7_L017_Learn_2/app/index.html,Aditi
2,NCE_SCI,CS_SC9_L017_Learn_1,4,Hotspot,,Done,,,,Click on the image to learn about the probability of traits.,,https://webhost.mitrmedia.com/ftp/alef_simulation_development/Alef_LOs_Term2/To_Client/Gold/LOs/NCE/G9/CS_SC9_L017_Learn_1/app/,Aditi
2,NCE_SCI,CS_SC8_L021_Learn_1,3,Hotspot,,Done,,,Click the text labels.,,,https://webhost.mitrmedia.com/ftp/alef_simulation_development/Alef_LOs_Term2/To_Client/Beta/LOs/NCE/G8/CS_SC8_L021_Learn_1/app/,Aditi
2,NCE_SCI,CS_SC6_L014_SecondLook_1,1,Hotspot,,Done,,,,Click the hotspots to review plant reproduction.,,https://webhost.mitrmedia.com/ftp/alef_simulation_development/Alef_LOs_Term2/To_Client/Gold/LOs/NCE/G6/CS_SC6_L014_SecondLook_1/app/index.html,Aditi
2,NCE_SCI,CS_SC9_L019_Learn_1,3,Hotspot,,Done,,,,Click on the label to learn about organization in organisms.,,https://webhost.mitrmedia.com/ftp/alef_simulation_development/Alef_LOs_Term2/To_Client/Gold/LOs/NCE/G9/CS_SC9_L019_Learn_1/app/index.html,Aditi
2,NCE_SCI,CS_SC9_L018_Learn_1,3,Hotspot,,Done,,,,Click on the image to learn about systems.,,https://webhost.mitrmedia.com/ftp/alef_simulation_development/Alef_LOs_Term2/To_Client/Beta/LOs/NCE/G9/CS_SC9_L018_Learn_1/app/index.html,Aditi
2,NCE_SCI,CS_SC9_L018_SecondLook_1,2,Hotspot,,Done,,,,Click on the image to review the Earth system.,,https://webhost.mitrmedia.com/ftp/alef_simulation_development/Alef_LOs_Term2/To_Client/Gold/LOs/NCE/G9/CS_SC9_L018_SecondLook_1/app/,Aditi
2,NCE_SCI,CS_SC7_L018_Learn_1,4,Hotspot,,Done,,,,Click to learn how resources in ecosystems affect growth.,,https://webhost.mitrmedia.com/ftp/alef_simulation_development/Alef_LOs_Term2/To_Client/Gold/LOs/NCE/G7/CS_SC7_L018_Learn_1/app/index.html,Aditi
2,NCE_SCI,CS_SC8_L022_Learn_2,5,Hotspot,,Done,,,,Click on the hotspots to learn about trait distributions.,,https://webhost.mitrmedia.com/ftp/alef_simulation_development/Alef_LOs_Term2/To_Client/Gold/LOs/NCE/G8/CS_SC8_L022_Learn_2/app/index.html,Aditi
2,NCE_SCI,CS_SC5_L012_Learn_1,4,Hotspot,,Done,,,,How is water distributed on Earth? Click the spots to learn.,,https://webhost.mitrmedia.com/ftp/alef_simulation_development/Alef_LOs_Term2/To_Client/Gold/LOs/NCE/G5/CS_SC5_L012_Learn_1/app/index.html,Aditi
2,NCE_SCI,CS_SC6_L015_Learn_2,2,Hotspot,,Done,,,,Click to learn about types of reproduction in animals.,,https://webhost.mitrmedia.com/ftp/alef_simulation_development/Alef_LOs_Term2/To_Client/Gold/LOs/NCE/G6/CS_SC6_L015_Learn_2/app/,Aditi
2,NCE_SCI,CS_SC9_L019_Learn_2,3,Hotspot,,Done,,,,Click on the titles to learn about the parts of a neuron.,,https://webhost.mitrmedia.com/ftp/alef_simulation_development/Alef_LOs_Term2/To_Client/Gold/LOs/NCE/G9/CS_SC9_L019_Learn_2/app/,Aditi
2,NCE_SCI,CS_SC9_L019_Learn_2,5,Hotspot,,Done,,,,Click on the labels to learn about an animal cell structure.,,https://webhost.mitrmedia.com/ftp/alef_simulation_development/Alef_LOs_Term2/To_Client/Gold/LOs/NCE/G9/CS_SC9_L019_Learn_2/app/,Aditi
2,NCE_SCI,CS_SC9_L020_Learn_1,4,Hotspot,,Done,,,Click on the labels to learn how homeostasis is maintained.,Homeostasis requires the following interacting components:,,https://webhost.mitrmedia.com/ftp/alef_simulation_development/Alef_LOs_Term2/To_Client/Gold/LOs/NCE/G9/CS_SC9_L020_Learn_1/app/,Aditi
2,NCE_SCI,CS_SC9_L019_Investigate_1,8,Hotspot,,Done,,,,Click on the labels to learn about plant cell organelles.,,https://webhost.mitrmedia.com/ftp/alef_simulation_development/Alef_LOs_Term2/To_Client/Beta/LOs/NCE/G9/CS_SC9_L019_Investigate_1/app/,Aditi
2,NCE_SCI,CS_SC6_L016_Investigate_1,2,Hotspot,,Done,,,,Click to learn how to interpret a weather map.,,https://webhost.mitrmedia.com/ftp/alef_simulation_development/Alef_LOs_Term2/To_Client/Beta/LOs/NCE/G6/CS_SC6_L016_Investigate_1/app/index.html,Aditi
2,NCE_SCI,CS_SC9_L021_Learn_1,4,Hotspot,,Done,,,,"Every technology has benefits, costs, and risks.",,https://webhost.mitrmedia.com/ftp/alef_simulation_development/Alef_LOs_Term2/To_Client/Gold/LOs/NCE/G9/CS_SC9_L021_Learn_1/app/index.html,Aditi
2,NCE_SCI,CS_SC9_L021_SecondLook_1,2,Hotspot,,Done,,,,Click on the labels to learn about the design process steps.,,https://webhost.mitrmedia.com/ftp/alef_simulation_development/Alef_LOs_Term2/To_Client/Alpha/LOs/NCE/G9/CS_SC9_L021_SecondLook_1/app/,Aditi
2,NCE_SCI,CS_SC5_L014_Learn_2,2,Hotspot,,Done,,,,Click on the hotspots to learn more about green technology,,https://webhost.mitrmedia.com/ftp/alef_simulation_development/Alef_LOs_Term2/To_Client/Gold/LOs/NCE/G5/CS_SC5_L014_Learn_2/app/,Aditi
2,NCE_SCI,CS_SC8_L024_SecondLook_1,1,Hotspot,,Done,,,,Click to review how people influence organisms’ traits.,,https://webhost.mitrmedia.com/ftp/alef_simulation_development/Alef_LOs_Term2/To_Client/Alpha/LOs/NCE/G8/CS_SC8_L024_SecondLook_1/app/index.html,Aditi
2,NCE_SCI,CS_SC6_L017_Investigate_1,6,Hotspot,,Done,,,,Click to analyze and predict the weather using your model.,,https://webhost.mitrmedia.com/ftp/alef_simulation_development/Alef_LOs_Term2/To_Client/Alpha/LOs/NCE/G6/CS_SC6_L017_Investigate_1/app/,Aditi
2,NCE_SCI,CS_SC8_L025_Learn_2,3,Hotspot,,Done,,,,Click on the picture to explore examples of GMOs.,,https://webhost.mitrmedia.com/ftp/alef_simulation_development/Alef_LOs_Term2/To_Client/Beta/LOs/NCE/G8/CS_SC8_L025_Learn_2/app/,Aditi
2,NCE_SCI,CS_SC9_L022_Learn_1,3,Hotspot,,Done,,,,Click to learn what happens during the cell cycle.,,https://webhost.mitrmedia.com/ftp/alef_simulation_development/Alef_LOs_Term2/To_Client/Beta/LOs/NCE/G9/CS_SC9_L022_Learn_1/app/index.html,Aditi
2,NCE_SCI,CS_SC9_L022_Learn_2,4,Hotspot,,Done,,,,Click on the hotspots to learn the history of cell theory.,,https://webhost.mitrmedia.com/ftp/alef_simulation_development/Alef_LOs_Term2/To_Client/Gold/LOs/NCE/G9/CS_SC9_L022_Learn_2/app/index.html,Aditi
2,NCE_SCI,CS_SC6_L018_Learn_2,2,Hotspot,,Done,,,,Click on the spots to learn about how sunlight and Earth interact.,,https://webhost.mitrmedia.com/ftp/alef_simulation_development/Alef_LOs_Term2/To_Client/Gold/LOs/NCE/G6/CS_SC6_L018_Learn_2/app/,Aditi
2,NCE_SCI,CS_SC6_L018_Learn_1,4,Hotspot,,Done,,,,Earth’s Climate Zones and Regional Climates,,https://webhost.mitrmedia.com/ftp/alef_simulation_development/Alef_LOs_Term2/To_Client/Gold/LOs/NCE/G6/CS_SC6_L018_Learn_1/app/,Aditi
2,NCE_Math,CS_MA8_L034_ExploreLearn,6,Custom DND,A1,Done,Fill in the Blanks,NotInTitle,,25 students were asked how they got to school. Determine if there is an association between walking to school and being late.,,https://webhost.mitrmedia.com/ftp/alef_simulation_development/Alef_LOs_Term2/To_Client/Gold/LOs/NCE/G8/CS_MA8_L034_ExploreLearn/app/index.html,Aditi
2,MOE_Math,MA8_L028_Learn,2,Custom DND,A1,Done,Drag and Drop,NotInTitle,,Label each part of the graph.,,https://webhost.mitrmedia.com/ftp/alef_simulation_development/Alef_LOs_Term2/To_Client/Gold/LOs/MOE/G8/MA8_L028_Learn/app/index.html,Aditi
2,NCE_ELA,CS_ELA7_L001_Connect,3,Custom DND,A1,Done,Fill in the Blanks,inTitle,Drag and Drop,Drag and drop the correct answer to the fill blank.,,https://webhost.mitrmedia.com/ftp/alef_simulation_development/Alef_LOs_Term2/To_Client/Beta/LOs/ELA/G7/CS_ELA7_L001_Connect/app/index.html,Aditi
2,NCE_ELA,CS_ELA5_L001_Connect,3,Custom DND,A1,Done,Fill in the Blanks,inTitle,Drag and Drop,Read the sentences. Drag the word that correctly completes each sentence to the space.,,https://webhost.mitrmedia.com/ftp/alef_simulation_development/Alef_LOs_Term2/To_Client/Beta/LOs/ELA/G5/CS_ELA5_L001_Connect_01/app/index.html,Aditi
2,NCE_ELA,CS_ELA7_L001_GoFurther,3,Custom DND,A1,Done,Fill in the Blanks,inTitle,Drag and Drop,Drag and drop to fill in the graphic organizer about this week’s reading passage.,,https://webhost.mitrmedia.com/ftp/alef_simulation_development/Alef_LOs_Term2/To_Client/Gold/LOs/ELA/G7/CS_ELA7_L001_GoFurther/app/index.html,Aditi
2,NCE_ELA,CS_ELA5_L001_GoFurther,3,Custom DND,A1,Done,Fill in the Blanks,inTitle,Drag and Drop,Read the sentences. Drag the answer to the space.,,https://webhost.mitrmedia.com/ftp/alef_simulation_development/Alef_LOs_Term2/To_Client/Gold/LOs/ELA/G5/CS_ELA5_L001_GoFurther/app/index.html,Aditi
2,NCE_ELA,CS_ELA6_L001_GoFurther,3,Custom DND,A1,Done,Fill in the Blanks,inTitle,The platypus is an animal in Australia. It is a very strange animal. It is one of the only animals that lays eggs and makes milk.,Read the sentences. Drag the answer to the correct space.,,https://webhost.mitrmedia.com/ftp/alef_simulation_development/Alef_LOs_Term2/To_Client/Gold/LOs/ELA/G6/CS_ELA6_L001_GoFurther/app/index.html,Aditi
2,NCE_ELA,CS_ELA8_L001_GoFurther,3,Custom DND,A1,Done,Fill in the Blanks,inTitle,,Drag and drop to answer the questions about this week’s reading passage.,,https://webhost.mitrmedia.com/ftp/alef_simulation_development/Alef_LOs_Term2/To_Client/Gold/LOs/ELA/G8/CS_ELA8_L001_GoFurther/app/index.html,Aditi
2,NCE_ELA,CS_ELA9_L001_GoFurther,3,Custom DND,A1,Done,Fill in the Blanks,inTitle,,Drag and drop to answer the questions about this week’s reading passage.,,https://webhost.mitrmedia.com/ftp/alef_simulation_development/Alef_LOs_Term2/To_Client/Gold/LOs/ELA/G9/CS_ELA9_L001_GoFurther/app/index.html,Aditi
2,NCE_ELA,CS_ELA5_L002_Connect,3,Custom DND,A1,Done,Fill in the Blanks,inTitle,,Read the sentences. Drag and drop the word that correctly completes each sentence.,,https://webhost.mitrmedia.com/ftp/alef_simulation_development/Alef_LOs_Term2/To_Client/Gold/LOs/ELA/G5/CS_ELA5_L002_Connect/app/index.html,Aditi
2,NCE_ELA,CS_ELA5_L002_GoFurther,3,Custom DND,A1,Done,Fill in the Blanks,inTitle,,Read the sentences. Drag the answer to the space.,,https://webhost.mitrmedia.com/ftp/alef_simulation_development/Alef_LOs_Term2/To_Client/Gold/LOs/ELA/G5/CS_ELA5_L002_GoFurther/app/index.html,Aditi
2,NCE_ELA,CS_ELA6_L002_Connect,3,Custom DND,A1,Done,Fill in the Blanks,inTitle,,Read the sentences. Drag and drop the word that correctly completes each sentence.,,https://webhost.mitrmedia.com/ftp/alef_simulation_development/Alef_LOs_Term2/To_Client/Gold/LOs/ELA/G6/CS_ELA6_L002_Connect/app/index.html,Aditi
2,NCE_ELA,CS_ELA6_L002_GoFurther,2,Custom DND,A1,Done,Fill in the Blanks,inTitle,The armadillo is found in North and South America. It is an interesting animal. It can do something unique. It can roll into a ball to protect its body. ,Read the sentences. Drag the answer to the correct space.,,https://webhost.mitrmedia.com/ftp/alef_simulation_development/Alef_LOs_Term2/To_Client/Gold/LOs/ELA/G6/CS_ELA6_L002_GoFurther/app/index.html,Aditi
2,NCE_ELA,CS_ELA7_L002_Connect,3,Custom DND,A1,Done,Fill in the Blanks,inTitle,,Read the sentences. Drag and drop the word that correctly completes each sentence.,,https://webhost.mitrmedia.com/ftp/alef_simulation_development/Alef_LOs_Term2/To_Client/Gold/LOs/ELA/G7/CS_ELA7_L002_Connect/app/index.html,Aditi
2,NCE_ELA,CS_ELA7_L002_GoFurther,3,Custom DND,A1,Done,Fill in the Blanks,inTitle,“In Winning Back My Identity...”,Read the sentences. Drag and drop the word that correctly completes each sentence.,,https://webhost.mitrmedia.com/ftp/alef_simulation_development/Alef_LOs_Term2/To_Client/Beta/LOs/ELA/G7/CS_ELA7_L002_GoFurther/app/index.html,Aditi
2,NCE_ELA,CS_ELA8_L002_Connect,3,Custom DND,A1,Done,Fill in the Blanks,inTitle,,Read the sentences. Drag and drop the word that correctly completes each sentence.,,https://webhost.mitrmedia.com/ftp/alef_simulation_development/Alef_LOs_Term2/To_Client/Gold/LOs/ELA/G8/CS_ELA8_L002_Connect/app/index.html,Aditi
2,NCE_ELA,CS_ELA8_L002_GoFurther,2,Custom DND,B1,Done,Fill in the Blanks,inTitle,,Drag and drop to fill in the graphic organizer about this week’s reading passage.,,https://webhost.mitrmedia.com/ftp/alef_simulation_development/Alef_LOs_Term2/To_Client/Gold/LOs/ELA/G8/CS_ELA8_L002_GoFurther/app/index.html,Aditi
2,NCE_ELA,CS_ELA9_L002_Connect,3,Custom DND,A1,Done,Fill in the Blanks,inTitle,,Read the sentences. Drag and drop the word that correctly completes each sentence.,,https://webhost.mitrmedia.com/ftp/alef_simulation_development/Alef_LOs_Term2/To_Client/Gold/LOs/ELA/G9/CS_ELA9_L002_Connect/app/index.html,Aditi
2,NCE_ELA,CS_ELA9_L002_GoFurther,3,Custom DND,A1,Done,Fill in the Blanks,inTitle,,Drag and drop the right connecting word to show the relationship between ideas.,,https://webhost.mitrmedia.com/ftp/alef_simulation_development/Alef_LOs_Term2/To_Client/Gold/LOs/ELA/G9/CS_ELA9_L002_GoFurther/app/index.html,Aditi
2,NCE_ELA,CS_ELA5_L003_Connect,3,Custom DND,A1,Done,Fill in the Blanks,inTitle,,Read the sentences. Drag and drop the correct word to the sentence.,,https://webhost.mitrmedia.com/ftp/alef_simulation_development/Alef_LOs_Term2/To_Client/Gold/LOs/ELA/G5/CS_ELA5_L003_Connect/app/index.html,Aditi
2,NCE_ELA,CS_ELA5_L003_GoFurther,2,Custom DND,A1,Done,Fill in the Blanks,inTitle,,Drag and drop the correct word to fill the blank.,,https://webhost.mitrmedia.com/ftp/alef_simulation_development/Alef_LOs_Term2/To_Client/Gold/LOs/ELA/G5/CS_ELA5_L003_GoFurther/app/,Aditi
2,NCE_ELA,CS_ELA6_L003_Connect,3,Custom DND,A1,Done,Fill in the Blanks,inTitle,,Read the sentences. Drag and drop the word that correctly completes each sentence.,,https://webhost.mitrmedia.com/ftp/alef_simulation_development/Alef_LOs_Term2/To_Client/Gold/LOs/ELA/G6/CS_ELA6_L003_Connect/app/index.html,Aditi
2,NCE_ELA,CS_ELA6_L003_GoFurther,2,Custom DND,A1,Done,Fill in the Blanks,inTitle,,Drag and drop to answer the questions about this week’s reading passage.,,https://webhost.mitrmedia.com/ftp/alef_simulation_development/Alef_LOs_Term2/To_Client/Gold/LOs/ELA/G6/CS_ELA6_L003_GoFurther/app/,Aditi
2,NCE_ELA,CS_ELA7_L003_Connect,3,Custom DND,A1,Done,Fill in the Blanks,inTitle,,Read the sentences. Drag and drop the word that correctly completes each sentence.,,https://webhost.mitrmedia.com/ftp/alef_simulation_development/Alef_LOs_Term2/To_Client/Gold/LOs/ELA/G7/CS_ELA7_L003_Connect/app/,Aditi
2,NCE_ELA,CS_ELA7_L003_GoFurther,3,Custom DND,A1,Done,Fill in the Blanks,inTitle,,Drag and drop to complete the sentences with the vocabulary words.,,https://webhost.mitrmedia.com/ftp/alef_simulation_development/Alef_LOs_Term2/To_Client/Gold/LOs/ELA/G7/CS_ELA7_L003_GoFurther/app/,Aditi
2,NCE_ELA,CS_ELA8_L003_Connect,3,Custom DND,A1,Done,Fill in the Blanks,inTitle,,Read the sentences. Choose the word that correctly completes each sentence.,,https://webhost.mitrmedia.com/ftp/alef_simulation_development/Alef_LOs_Term2/To_Client/Gold/LOs/ELA/G8/CS_ELA8_L003_Connect/app/index.html,Aditi
2,NCE_ELA,CS_ELA9_L003_Connect,3,Custom DND,A1,Done,Fill in the Blanks,inTitle,,Read the sentences. Drag and drop the word that correctly completes each sentence.,,https://webhost.mitrmedia.com/ftp/alef_simulation_development/Alef_LOs_Term2/To_Client/Gold/LOs/ELA/G9/CS_ELA9_L003_Connect/app/,Aditi
2,NCE_ELA,CS_ELA9_L003_GoFurther,2,Custom DND,A1,Done,Fill in the Blanks,inTitle,,Drag and drop to answer the questions about this week’s reading passage.,,https://webhost.mitrmedia.com/ftp/alef_simulation_development/Alef_LOs_Term2/To_Client/Gold/LOs/ELA/G9/CS_ELA9_L003_GoFurther/app/index.html,Aditi
2,NCE_ELA,CS_ELA5_L004_Connect,3,Custom DND,A1,Done,Fill in the Blanks,inTitle,,Read the sentences. Drag and drop the word that correctly completes each sentence.,,https://webhost.mitrmedia.com/ftp/alef_simulation_development/Alef_LOs_Term2/To_Client/Gold/LOs/ELA/G5/CS_ELA5_L004_Connect/app/index.html,Aditi
2,NCE_ELA,CS_ELA5_L004_GoFurther,2,Custom DND,A1,Done,Fill in the Blanks,inTitle,,Drag and drop the correct word to fill the blank.,,https://webhost.mitrmedia.com/ftp/alef_simulation_development/Alef_LOs_Term2/To_Client/Gold/LOs/ELA/G5/CS_ELA5_L004_GoFurther/app/index.html,Aditi
2,NCE_ELA,CS_ELA6_L004_Connect,3,Custom DND,A1,Done,Fill in the Blanks,inTitle,,Read the sentences. Drag and drop the word that correctly completes each sentence.,,https://webhost.mitrmedia.com/ftp/alef_simulation_development/Alef_LOs_Term2/To_Client/Beta/LOs/ELA/G6/CS_ELA6_L004_Connect/app/index.html,Aditi
2,NCE_ELA,CS_ELA6_L004_GoFurther,2,Custom DND,A1,Done,Fill in the Blanks,inTitle,,Drag and drop to answer the questions about transitions in this week’s reading passage.,,https://webhost.mitrmedia.com/ftp/alef_simulation_development/Alef_LOs_Term2/To_Client/Gold/LOs/ELA/G6/CS_ELA6_L004_GoFurther/app/index.html,Aditi
2,NCE_ELA,CS_ELA7_L004_Connect,3,Custom DND,A1,Done,Fill in the Blanks,inTitle,,Read the sentences. Drag and drop the word that correctly completes each sentence.,,https://webhost.mitrmedia.com/ftp/alef_simulation_development/Alef_LOs_Term2/To_Client/Gold/LOs/ELA/G7/CS_ELA7_L004_Connect/app/index.html,Aditi
2,NCE_ELA,CS_ELA7_L004_GoFurther,3,Custom DND,A1,Done,Fill in the Blanks,inTitle,,Complete the sentence.,,https://webhost.mitrmedia.com/ftp/alef_simulation_development/Alef_LOs_Term2/To_Client/Beta/LOs/ELA/G7/CS_ELA7_L004_GoFurther/app/index.html,Aditi
2,NCE_ELA,CS_ELA8_L003_GoFurther,3,Custom DND,A1,Done,Fill in the Blanks,inTitle,,Identify which sentence from the reader is the claim and which is the supporting reason. Place the sentences in the correct category.,,https://webhost.mitrmedia.com/ftp/alef_simulation_development/Alef_LOs_Term2/To_Client/Gold/LOs/ELA/G8/CS_ELA8_L003_GoFurther/app/,Aditi
2,NCE_ELA,CS_ELA8_L004_Connect,3,Custom DND,A1,Done,Fill in the Blanks,inTitle,,Read the sentences. Drag and drop the word that correctly completes each sentence.,,https://webhost.mitrmedia.com/ftp/alef_simulation_development/Alef_LOs_Term2/To_Client/Gold/LOs/ELA/G8/CS_ELA8_L004_Connect/app/index.html,Aditi
2,NCE_ELA,CS_ELA8_L004_GoFurther,3,Custom DND,A1,Done,Fill in the Blanks,inTitle,,Drag and drop to answer the questions about this week’s reading passage.,,https://webhost.mitrmedia.com/ftp/alef_simulation_development/Alef_LOs_Term2/To_Client/Gold/LOs/ELA/G8/CS_ELA8_L004_GoFurther/app/index.html,Aditi
2,NCE_ELA,CS_ELA9_L004_Connect,3,Custom DND,A1,Done,Fill in the Blanks,inTitle,,Read the sentences. Drag and drop the word that correctly completes each sentence.,,https://webhost.mitrmedia.com/ftp/alef_simulation_development/Alef_LOs_Term2/To_Client/Gold/LOs/ELA/G9/CS_ELA9_L004_Connect/app/index.html,Aditi
2,NCE_ELA,CS_ELA9_L004_GoFurther,3,Custom DND,A1,Done,Fill in the Blanks,inTitle,,Drag and drop to answer the questions about this week’s reading passage.,,https://webhost.mitrmedia.com/ftp/alef_simulation_development/Alef_LOs_Term2/To_Client/Gold/LOs/ELA/G9/CS_ELA9_L004_GoFurther/app/index.html,Aditi
2,NCE_ELA,CS_ELA5_L005_GoFurther,3,Custom DND,A1,Done,Fill in the Blanks,inTitle,In A Hurry? Try An E-Scooter!,"Drag and drop to answer the questions about this week’s reading,",,https://webhost.mitrmedia.com/ftp/alef_simulation_development/Alef_LOs_Term2/To_Client/Gold/LOs/ELA/G5/CS_ELA5_L005_GoFurther/app/,Aditi
2,NCE_ELA,CS_ELA5_L005_Connect,3,Custom DND,A1,Done,Fill in the Blanks,inTitle,,Read the sentences. Drag and drop the word that correctly completes each sentence.,,https://webhost.mitrmedia.com/ftp/alef_simulation_development/Alef_LOs_Term2/To_Client/Beta/LOs/ELA/G5/CS_ELA5_L005_Connect/app/index.html,Aditi
2,NCE_ELA,CS_ELA6_L005_GoFurther,2,Custom DND,A1,Done,Fill in the Blanks,inTitle,,Drag and drop to answer the questions about transitions in this week’s reading passage.,,https://webhost.mitrmedia.com/ftp/alef_simulation_development/Alef_LOs_Term2/To_Client/Beta/LOs/ELA/G6/CS_ELA6_L005_GoFurther/app/index.html,Aditi
2,NCE_ELA,CS_ELA6_L005_Connect,3,Custom DND,A1,Done,Fill in the Blanks,inTitle,,Read the sentences. Drag and drop the word that correctly completes each sentence.,,https://webhost.mitrmedia.com/ftp/alef_simulation_development/Alef_LOs_Term2/To_Client/Beta/LOs/ELA/G6/CS_ELA6_L005_Connect/app/index.html,Aditi
2,NCE_ELA,CS_ELA7_L005_Connect,3,Custom DND,A1,Done,Fill in the Blanks,inTitle,,Read the sentences. Drag and drop the word that correctly completes each sentence.,,https://webhost.mitrmedia.com/ftp/alef_simulation_development/Alef_LOs_Term2/To_Client/Gold/LOs/ELA/G7/CS_ELA7_L005_Connect/app/index.html,Aditi
2,NCE_ELA,CS_ELA7_L005_GoFurther,2,Custom DND,A1,Done,Fill in the Blanks,inTitle,,"Drag and drop to answer the questions about this week’s reading, Seeing Zando.",,https://webhost.mitrmedia.com/ftp/alef_simulation_development/Alef_LOs_Term2/To_Client/Beta/LOs/ELA/G7/CS_ELA7_L005_GoFurther/app/,Aditi
2,NCE_ELA,CS_ELA8_L005_Connect,3,Custom DND,A1,Done,Fill in the Blanks,inTitle,,Read the sentences. Drag and drop the word that correctly completes each sentence.,,https://webhost.mitrmedia.com/ftp/alef_simulation_development/Alef_LOs_Term2/To_Client/Beta/LOs/ELA/G8/CS_ELA8_L005_Connect/app/index.html,Aditi
2,NCE_ELA,CS_ELA8_L005_GoFurther,3,Custom DND,A1,Done,Fill in the Blanks,inTitle,,Drag and drop to answer the questions about this week’s reading passage.,,https://webhost.mitrmedia.com/ftp/alef_simulation_development/Alef_LOs_Term2/To_Client/Gold/LOs/ELA/G8/CS_ELA8_L005_GoFurther/app/index.html,Aditi
2,NCE_ELA,CS_ELA9_L005_GoFurther,3,Custom DND,A1,Done,Fill in the Blanks,inTitle,,Drag and drop to answer the questions about this week’s reading passage.,,https://webhost.mitrmedia.com/ftp/alef_simulation_development/Alef_LOs_Term2/To_Client/Gold/LOs/ELA/G9/CS_ELA9_L005_GoFurther/app/index.html,Aditi
2,NCE_ELA,CS_ELA9_L005_Connect,3,Custom DND,A1,Done,Fill in the Blanks,inTitle,,Read the sentences. Drag and drop the word that correctly completes each sentence.,,https://webhost.mitrmedia.com/ftp/alef_simulation_development/Alef_LOs_Term2/To_Client/Gold/LOs/ELA/G9/CS_ELA9_L005_Connect/app/,Apurva
2,NCE_ELA,CS_ELA5_L006_Connect,3,Custom DND,A1,Done,Fill in the Blanks,inTitle,,Read the sentences. Drag and drop the word that correctly completes each sentence.,,https://webhost.mitrmedia.com/ftp/alef_simulation_development/Alef_LOs_Term2/To_Client/Gold/LOs/ELA/G5/CS_ELA5_L006_Connect/app/index.html,Apurva
2,NCE_ELA,CS_ELA5_L006_GoFurther,3,Custom DND,A1,Done,Fill in the Blanks,inTitle,,"Drag and drop to answer the questions about this week’s reading,The Metaverse is Coming.",,https://webhost.mitrmedia.com/ftp/alef_simulation_development/Alef_LOs_Term2/To_Client/Gold/LOs/ELA/G5/CS_ELA5_L006_GoFurther/app/index.html,Apurva
2,NCE_ELA,CS_ELA6_L006_Connect,3,Custom DND,A1,Done,Fill in the Blanks,inTitle,,Read the sentences. Drag and drop the word that correctly completes each sentence.,,https://webhost.mitrmedia.com/ftp/alef_simulation_development/Alef_LOs_Term2/To_Client/Gold/LOs/ELA/G6/CS_ELA6_L006_Connect/app/index.html,Apurva
2,NCE_ELA,CS_ELA6_L006_GoFurther,2,Custom DND,A1,Done,Fill in the Blanks,inTitle,,Drag and drop to answer the questions about this week’s reading passage.,,https://webhost.mitrmedia.com/ftp/alef_simulation_development/Alef_LOs_Term2/To_Client/Beta/LOs/ELA/G6/CS_ELA6_L006_GoFurther/app/,Apurva
2,NCE_ELA,CS_ELA7_L006_Connect,3,Custom DND,A1,Done,Fill in the Blanks,inTitle,,Read the sentences. Drag and drop the word that correctly completes each sentence.,,https://webhost.mitrmedia.com/ftp/alef_simulation_development/Alef_LOs_Term2/To_Client/Gold/LOs/ELA/G7/CS_ELA7_L006_Connect/app/index.html,Apurva
2,NCE_ELA,CS_ELA7_L006_GoFurther,3,Custom DND,A1,Done,Fill in the Blanks,inTitle,,Drag and drop to answer the questions about this week’s reading passage.,,https://webhost.mitrmedia.com/ftp/alef_simulation_development/Alef_LOs_Term2/To_Client/Gold/LOs/ELA/G7/CS_ELA7_L006_GoFurther/app/index.html,Apurva
2,NCE_ELA,CS_ELA8_L006_Connect,3,Custom DND,A1,Done,Fill in the Blanks,inTitle,,Read the sentences. Drag and drop the word that correctly completes each sentence.,,https://webhost.mitrmedia.com/ftp/alef_simulation_development/Alef_LOs_Term2/To_Client/Gold/LOs/ELA/G8/CS_ELA8_L006_Connect/app/index.html,Apurva
2,NCE_ELA,CS_ELA8_L006_GoFurther,3,Custom DND,A1,Done,Fill in the Blanks,inTitle,,Drag and Drop to Complete the Sentences.,,https://webhost.mitrmedia.com/ftp/alef_simulation_development/Alef_LOs_Term2/To_Client/Beta/LOs/ELA/G8/CS_ELA8_L006_GoFurther/app/index.html,Apurva
2,NCE_ELA,CS_ELA9_L006_Connect,3,Custom DND,A1,Done,Fill in the Blanks,inTitle,,Read the sentences. Drag and drop the word that correctly completes each sentence.,,https://webhost.mitrmedia.com/ftp/alef_simulation_development/Alef_LOs_Term2/To_Client/Gold/LOs/ELA/G9/CS_ELA9_L006_Connect/app/,Apurva
2,NCE_ELA,CS_ELA9_L006_GoFurther,3,Custom DND,B1,Done,Fill in the Blanks,inTitle,,Drag and drop to answer the questions about this week’s reading passage.,,https://webhost.mitrmedia.com/ftp/alef_simulation_development/Alef_LOs_Term2/To_Client/Gold/LOs/ELA/G9/CS_ELA9_L006_GoFurther/app/index.html,Apurva
2,NCE_ELA,CS_ELA5_L007_Connect,3,Custom DND,A1,Done,Fill in the Blanks,inTitle,,Read the sentences. Drag and drop the word that correctly completes each sentence.,,https://webhost.mitrmedia.com/ftp/alef_simulation_development/Alef_LOs_Term2/To_Client/Beta/LOs/ELA/G5/CS_ELA5_L007_Connect/app/,Apurva
2,NCE_ELA,CS_ELA5_L007_GoFurther,3,Custom DND,A1,Done,Fill in the Blanks,inTitle,,Drag and drop to answer the questions about this week’s reading passage.,,https://webhost.mitrmedia.com/ftp/alef_simulation_development/Alef_LOs_Term2/To_Client/Gold/LOs/ELA/G5/CS_ELA5_L007_GoFurther/app/index.html,Apurva
2,NCE_ELA,CS_ELA6_L007_Connect,3,Custom DND,A1,Done,Fill in the Blanks,inTitle,,Read the sentences. Drag and drop the word that correctly completes each sentence.,,https://webhost.mitrmedia.com/ftp/alef_simulation_development/Alef_LOs_Term2/To_Client/Gold/LOs/ELA/G6/CS_ELA6_L007_Connect/app/index.html,Apurva
2,NCE_ELA,CS_ELA6_L007_GoFurther,3,Custom DND,A1,Done,Fill in the Blanks,inTitle,,Drag and drop to answer the questions about this week’s reading passage.,,https://webhost.mitrmedia.com/ftp/alef_simulation_development/Alef_LOs_Term2/To_Client/Gold/LOs/ELA/G6/CS_ELA6_L007_GoFurther/app/index.html,Apurva
2,NCE_ELA,CS_ELA7_L007_Connect,3,Custom DND,A1,Done,Fill in the Blanks,inTitle,,Read the sentences. Drag and drop the word that correctly completes each sentence.,,https://webhost.mitrmedia.com/ftp/alef_simulation_development/Alef_LOs_Term2/To_Client/Beta/LOs/ELA/G7/CS_ELA7_L007_Connect/app/index.html,Apurva
2,NCE_ELA,CS_ELA7_L007_GoFurther,4,Custom DND,A1,Done,Fill in the Blanks,inTitle,,Drag and drop to answer the questions about this week’s reading passage.,,https://webhost.mitrmedia.com/ftp/alef_simulation_development/Alef_LOs_Term2/To_Client/Beta/LOs/ELA/G7/CS_ELA7_L007_GoFurther/app/index.html,Apurva
2,NCE_ELA,CS_ELA8_L007_Connect,3,Custom DND,A1,Done,Fill in the Blanks,inTitle,,Read the sentences. Drag and drop the word that correctly completes each sentence.,,https://webhost.mitrmedia.com/ftp/alef_simulation_development/Alef_LOs_Term2/To_Client/Beta/LOs/ELA/G8/CS_ELA8_L007_Connect/app/index.html,Apurva
2,NCE_ELA,CS_ELA8_L007_GoFurther,3,Custom DND,A1,Done,Fill in the Blanks,inTitle,,Drag and drop to answer the questions about this week’s reading passage.,,https://webhost.mitrmedia.com/ftp/alef_simulation_development/Alef_LOs_Term2/To_Client/Beta/LOs/ELA/G8/CS_ELA8_L007_GoFurther/app/index.html,Apurva
2,NCE_ELA,CS_ELA9_L007_Connect,3,Custom DND,A1,Done,Fill in the Blanks,inTitle,,Read the sentences. Drag and drop the word that correctly completes each sentence.,,https://webhost.mitrmedia.com/ftp/alef_simulation_development/Alef_LOs_Term2/To_Client/Beta/LOs/ELA/G9/CS_ELA9_L007_Connect/app/index.html,Apurva
2,NCE_ELA,CS_ELA9_L007_GoFurther,3,Custom DND,A1,Done,Fill in the Blanks,inTitle,,Drag and drop to answer the questions about this week’s reading passage.,,https://webhost.mitrmedia.com/ftp/alef_simulation_development/Alef_LOs_Term2/To_Client/Beta/LOs/ELA/G9/CS_ELA9_L007_GoFurther/app/index.html,Apurva
2,NCE_ELA,CS_ELA5_L008_Connect,3,Custom DND,A1,Done,Fill in the Blanks,inTitle,,Read the sentences. Drag and drop the word that correctly completes each sentence.,,https://webhost.mitrmedia.com/ftp/alef_simulation_development/Alef_LOs_Term2/To_Client/Gold/LOs/ELA/G5/CS_ELA5_L008_Connect/app/,Apurva
2,NCE_ELA,CS_ELA5_L008_GoFurther,3,Custom DND,A1,Done,Fill in the Blanks,inTitle,,Drag and drop to answer the questions about this week’s writing task.,,https://webhost.mitrmedia.com/ftp/alef_simulation_development/Alef_LOs_Term2/To_Client/Beta/LOs/ELA/G5/CS_ELA5_L008_GoFurther/app/index.html,Apurva
2,NCE_ELA,CS_ELA6_L008_Connect,3,Custom DND,A1,Done,Fill in the Blanks,inTitle,,Read the sentences. Drag and drop the word that correctly completes each sentence.,,https://webhost.mitrmedia.com/ftp/alef_simulation_development/Alef_LOs_Term2/To_Client/Gold/LOs/ELA/G6/CS_ELA6_L008_Connect/app/index.html,Apurva
2,NCE_ELA,CS_ELA6_L008_GoFurther,2,Custom DND,A1,Done,Fill in the Blanks,inTitle,,Drag and drop to answer the questions about this week’s reading passage.,,https://webhost.mitrmedia.com/ftp/alef_simulation_development/Alef_LOs_Term2/To_Client/Beta/LOs/ELA/G6/CS_ELA6_L008_GoFurther/app/index.html,Apurva
2,NCE_ELA,CS_ELA7_L008_Connect,3,Custom DND,A1,Done,Fill in the Blanks,inTitle,,Read the sentences. Drag and drop the word that correctly completes each sentence.,,https://webhost.mitrmedia.com/ftp/alef_simulation_development/Alef_LOs_Term2/To_Client/Gold/LOs/ELA/G7/CS_ELA7_L008_Connect/app/index.html,Apurva
2,NCE_ELA,CS_ELA7_L008_GoFurther,3,Custom DND,A1,Done,Fill in the Blanks,inTitle,,"Drag and drop to answer the questions about this week’s reading,",,https://webhost.mitrmedia.com/ftp/alef_simulation_development/Alef_LOs_Term2/To_Client/Beta/LOs/ELA/G7/CS_ELA7_L008_GoFurther/app/index.html,Apurva
2,NCE_ELA,CS_ELA8_L008_Connect,3,Custom DND,A1,Done,Fill in the Blanks,inTitle,,Read the sentences. Drag and drop the word that correctly completes each sentence.,,https://webhost.mitrmedia.com/ftp/alef_simulation_development/Alef_LOs_Term2/To_Client/Gold/LOs/ELA/G8/CS_ELA8_L008_Connect/app/index.html,Apurva
2,NCE_ELA,CS_ELA8_L008_GoFurther,4,Custom DND,B1,Done,Fill in the Blanks,inTitle,,Drag and drop to complete the sentence.,,https://webhost.mitrmedia.com/ftp/alef_simulation_development/Alef_LOs_Term2/To_Client/Gold/LOs/ELA/G8/CS_ELA8_L008_GoFurther/app/index.html,Apurva
2,NCE_ELA,CS_ELA9_L008_Connect,3,Custom DND,A1,Done,Fill in the Blanks,inTitle,,Read the sentences. Drag and drop the word that correctly completes each sentence.,,https://webhost.mitrmedia.com/ftp/alef_simulation_development/Alef_LOs_Term2/To_Client/Gold/LOs/ELA/G9/CS_ELA9_L008_Connect/app/index.html,Apurva
2,NCE_ELA,CS_ELA9_L008_GoFurther,3,Custom DND,A1,Done,Fill in the Blanks,inTitle,,Drag and drop to answer the questions about this week’s reading passage.,,https://webhost.mitrmedia.com/ftp/alef_simulation_development/Alef_LOs_Term2/To_Client/Beta/LOs/ELA/G9/CS_ELA9_L008_GoFurther/app/index.html,Apurva
2,NCE_ELA,CS_ELA5_L009_Connect,3,Custom DND,A1,Done,Fill in the Blanks,inTitle,,Read the sentences. Drag and drop the word that correctly completes each sentence.,,https://webhost.mitrmedia.com/ftp/alef_simulation_development/Alef_LOs_Term2/To_Client/Beta/LOs/ELA/G5/CS_ELA5_L009_Connect/app/,Apurva
2,NCE_ELA,CS_ELA5_L009_GoFurther,2,Custom DND,A1,Done,Fill in the Blanks,inTitle,,Drag and drop to answer the questions about research papers.,,https://webhost.mitrmedia.com/ftp/alef_simulation_development/Alef_LOs_Term2/To_Client/Gold/LOs/ELA/G5/CS_ELA5_L009_GoFurther/app/,Apurva
2,NCE_ELA,CS_ELA6_L009_Connect,3,Custom DND,A1,Done,Fill in the Blanks,inTitle,,Read the sentences. Drag and drop the word that correctly completes each sentence.,,https://webhost.mitrmedia.com/ftp/alef_simulation_development/Alef_LOs_Term2/To_Client/Beta/LOs/ELA/G6/CS_ELA6_L009_Connect/app/index.html,Apurva
2,NCE_ELA,CS_ELA6_L009_GoFurther,4,Custom DND,B1,Done,Fill in the Blanks,inTitle,,Drag and drop to answer the questions about this week’s reading passage.,,https://webhost.mitrmedia.com/ftp/alef_simulation_development/Alef_LOs_Term2/To_Client/Gold/LOs/ELA/G6/CS_ELA6_L009_GoFurther/app/,Apurva
2,NCE_ELA,CS_ELA7_L009_Connect,3,Custom DND,A1,Done,Fill in the Blanks,inTitle,,Read the sentences. Drag and drop the word that correctly completes each sentence.,,https://webhost.mitrmedia.com/ftp/alef_simulation_development/Alef_LOs_Term2/To_Client/Beta/LOs/ELA/G7/CS_ELA7_L009_Connect/app/index.html,Apurva
2,NCE_ELA,CS_ELA7_L009_GoFurther,2,Custom DND,A1,Done,Fill in the Blanks,inTitle,,Drag and drop to answer the questions about this week’s reading passage.,,https://webhost.mitrmedia.com/ftp/alef_simulation_development/Alef_LOs_Term2/To_Client/Beta/LOs/ELA/G7/CS_ELA7_L009_GoFurther/app/index.html,Apurva
2,NCE_ELA,CS_ELA8_L009_Connect,3,Custom DND,A1,Done,Fill in the Blanks,inTitle,,Read the sentences. Drag and drop the word that correctly completes each sentence.,,https://webhost.mitrmedia.com/ftp/alef_simulation_development/Alef_LOs_Term2/To_Client/Beta/LOs/ELA/G8/CS_ELA8_L009_Connect/app/index.html,Apurva
2,NCE_ELA,CS_ELA8_L009_GoFurther,2,Custom DND,A1,Done,Fill in the Blanks,inTitle,,Drag and drop to answer the questions about this week’s reading passage.,,https://webhost.mitrmedia.com/ftp/alef_simulation_development/Alef_LOs_Term2/To_Client/Gold/LOs/ELA/G8/CS_ELA8_L009_GoFurther/app/,Apurva
2,NCE_ELA,CS_ELA9_L009_Connect,3,Custom DND,A1,Done,Fill in the Blanks,inTitle,,Read the sentences. Drag and drop the word that correctly completes each sentence.,,https://webhost.mitrmedia.com/ftp/alef_simulation_development/Alef_LOs_Term2/To_Client/Gold/LOs/ELA/G8/CS_ELA8_L009_GoFurther/app/,Apurva
2,NCE_ELA,CS_ELA9_L009_GoFurther,2,Custom DND,A1,Done,Fill in the Blanks,inTitle,,Drag and drop to answer the questions about this week’s reading passage.,,https://webhost.mitrmedia.com/ftp/alef_simulation_development/Alef_LOs_Term2/To_Client/Beta/LOs/ELA/G9/CS_ELA9_L009_GoFurther/app/,Apurva
2,NCE_ELA,CS_ELA5_L010_Connect,3,Custom DND,A1,Done,Fill in the Blanks,inTitle,,Read the sentences. Drag and drop the word that correctly completes each sentence.,,https://webhost.mitrmedia.com/ftp/alef_simulation_development/Alef_LOs_Term2/To_Client/Beta/LOs/ELA/G5/CS_ELA5_L010_Connect/app/,Apurva
2,NCE_ELA,CS_ELA5_L010_GoFurther,3,Custom DND,A1,Done,Fill in the Blanks,inTitle,,Drag and drop to answer the questions about this week’s reading passage.,,https://webhost.mitrmedia.com/ftp/alef_simulation_development/Alef_LOs_Term2/To_Client/Beta/LOs/ELA/G5/CS_ELA5_L010_GoFurther/app/index.html,Apurva
2,NCE_ELA,CS_ELA6_L010_Connect,3,Custom DND,A1,Done,Fill in the Blanks,inTitle,,Read the sentences. Drag and drop the word that correctly completes each sentence.,,https://webhost.mitrmedia.com/ftp/alef_simulation_development/Alef_LOs_Term2/To_Client/Beta/LOs/ELA/G6/CS_ELA6_L010_Connect/app/,Apurva
2,NCE_ELA,CS_ELA6_L010_GoFurther,2,Custom DND,B1,Done,Fill in the Blanks,inTitle,,Drag and drop to answer the questions about this week’s reading passage.,,https://webhost.mitrmedia.com/ftp/alef_simulation_development/Alef_LOs_Term2/To_Client/Beta/LOs/ELA/G6/CS_ELA6_L010_GoFurther/app/,Apurva
2,NCE_ELA,CS_ELA7_L010_Connect,3,Custom DND,A1,Done,Fill in the Blanks,inTitle,,Read the sentences. Drag and drop the word that correctly completes each sentence.,,https://webhost.mitrmedia.com/ftp/alef_simulation_development/Alef_LOs_Term2/To_Client/Beta/LOs/ELA/G7/CS_ELA7_L010_Connect/app/,Apurva
2,NCE_ELA,CS_ELA7_L010_GoFurther,3,Custom DND,A1,Done,Fill in the Blanks,inTitle,,Drag and drop to answer the questions about this week’s reading passage.,,https://webhost.mitrmedia.com/ftp/alef_simulation_development/Alef_LOs_Term2/To_Client/Beta/LOs/ELA/G7/CS_ELA7_L010_GoFurther/app/,Apurva
2,NCE_ELA,CS_ELA8_L010_Connect,3,Custom DND,A1,Done,Fill in the Blanks,inTitle,,Read the sentences. Drag and drop the word that correctly completes each sentence.,,https://webhost.mitrmedia.com/ftp/alef_simulation_development/Alef_LOs_Term2/To_Client/Beta/LOs/ELA/G8/CS_ELA8_L010_Connect/app/index.html,Apurva
2,NCE_ELA,CS_ELA8_L010_GoFurther,2,Custom DND,A1,Done,Fill in the Blanks,inTitle,,Drag and drop to answer the questions about this week’s reading passage.,,https://webhost.mitrmedia.com/ftp/alef_simulation_development/Alef_LOs_Term2/To_Client/Gold/LOs/ELA/G8/CS_ELA8_L010_GoFurther/app/,Apurva
2,NCE_ELA,CS_ELA9_L010_Connect,3,Custom DND,A1,Done,Fill in the Blanks,inTitle,,Read the sentences. Drag and drop the word that correctly completes each sentence.,,https://webhost.mitrmedia.com/ftp/alef_simulation_development/Alef_LOs_Term2/To_Client/Beta/LOs/ELA/G9/CS_ELA9_L010_Connect/app/,Apurva
2,NCE_ELA,CS_ELA9_L010_GoFurther,3,Custom DND,A1,Done,Fill in the Blanks,inTitle,,Drag and drop to answer the questions about this week’s reading passage.,,https://webhost.mitrmedia.com/ftp/alef_simulation_development/Alef_LOs_Term2/To_Client/Gold/LOs/ELA/G9/CS_ELA9_L010_GoFurther/app/,Apurva
3,MOE_Math,MA8_L043_Explore,4,Custom DND,A1,Done,Drag and Drop,inTitle,,Describe the transformation. Are the triangles congruent?,,https://webhost.mitrmedia.com/ftp/alef_simulation_development/Alef_Term3/To_Client/Gold/LOs/MOE/G8/MA8_L043_Explore/app/,Apurva
3,MOE_Math,MA8_L043_Explore,6,Custom DND,A1,Done,Drag and Drop,inTitle,,Describe the transformation. Do the parallel sides stay parallel?,,https://webhost.mitrmedia.com/ftp/alef_simulation_development/Alef_Term3/To_Client/Gold/LOs/MOE/G8/MA8_L043_Explore/app/,Apurva
3,MOE_Math,MA8_L043_Learn,4,Custom DND,A1,Done,Drag and Drop,inTitle,,Describe the sequence of transformations that maps,,https://webhost.mitrmedia.com/ftp/alef_simulation_development/Alef_Term3/To_Client/Gold/LOs/MOE/G8/MA8_L043_Learn/app/,Apurva
3,NCE_SCI,CS_SC5_L016_Learn_2,6,Custom DND,B1,Done,Drag and Drop,NotInTitle,,The Moon phases happen in specific order. Which is the next phase in this sequence?,,https://webhost.mitrmedia.com/ftp/alef_simulation_development/Alef_Term3/To_Client/Gold/LOs/NCE/G5/CS_SC5_L016_Learn_2/app/,Apurva
3,NCE_SCI,CS_SC5_L016_Investigate_1,5,Custom DND,B1,Done,Drag and Drop,inTitle,,Drag and drop to complete the table with daylight hours and seasons.,,https://webhost.mitrmedia.com/ftp/alef_simulation_development/Alef_Term3/To_Client/Gold/LOs/NCE/G5/CS_SC5_L016_Investigate_1/app/index.html,Apurva
3,NCE_SCI,CS_SC8_L030_Learn_1,5,Custom DND,B1,Done,Drag and Drop,NotInTitle,,Drag and drop the terms to correctly label the picture below.,,https://webhost.mitrmedia.com/ftp/alef_simulation_development/Alef_Term3/To_Client/Gold/LOs/NCE/G8/CS_SC8_L030_Learn_1/app/,Apurva
3,NCE_SCI,CS_SC7_L024_Learn_1,5,Custom DND,A1,Done,Drag and Drop,inTitle,,Identify: Label each part of the image with the subsystem it represents.,,https://webhost.mitrmedia.com/ftp/alef_simulation_development/Alef_Term3/To_Client/Gold/LOs/NCE/G7/CS_SC7_L024_Learn_1/app/index.html,Apurva
3,NCE_SCI,CS_SC7_L024_SecondLook_1,1,Custom DND,A1,Done,Drag and Drop,inTitle,,Interpret: What type of energy and  matter is being cycled in the diagrams?,,https://webhost.mitrmedia.com/ftp/alef_simulation_development/Alef_Term3/To_Client/Gold/LOs/NCE/G7/CS_SC7_L024_SecondLook_1/app/,Apurva
3,NCE_SCI,CS_SC7_L024_SecondLook_1,2,Custom DND,B1,Done,Drag and Drop,inTitle,,What type of change on Earth’s surface does each image show?,,https://webhost.mitrmedia.com/ftp/alef_simulation_development/Alef_Term3/To_Client/Gold/LOs/NCE/G7/CS_SC7_L024_SecondLook_1/app/,Apurva
3,NCE_SCI,CS_SC7_L024_Investigate_1,5,Custom DND,B1,Done,Drag and Drop,inTitle,, to show how fast or slow they occur.,,https://webhost.mitrmedia.com/ftp/alef_simulation_development/Alef_Term3/To_Client/Gold/LOs/NCE/G7/CS_SC7_L024_Investigate_1/app/,Apurva
3,NCE_SCI,CS_SC7_L024_Investigate_1,6,Custom DND,A1,Done,Drag and Drop,inTitle,, Place the images on the scales using their ,,https://webhost.mitrmedia.com/ftp/alef_simulation_development/Alef_Term3/To_Client/Gold/LOs/NCE/G7/CS_SC7_L024_Investigate_1/app/,Apurva
3,NCE_SCI,CS_SC8_L032_Investigate_1,6,Custom DND,A1,Done,Drag and Drop,inTitle,,Drag and drop the colors to correctly label the rays of light.,,https://webhost.mitrmedia.com/ftp/alef_simulation_development/Alef_Term3/To_Client/Gold/LOs/NCE/G8/CS_SC8_L032_Investigate_1/app/index.html,Apurva
3,NCE_SCI,CS_SC8_L032_Learn_2,2,Custom DND,B1,Done,Drag and Drop,inTitle,,Order the types of electromagnetic waves from lowest to highest radiant energy.,,https://webhost.mitrmedia.com/ftp/alef_simulation_development/Alef_Term3/To_Client/Gold/LOs/NCE/G8/CS_SC8_L032_Learn_2/app/index.html,Apurva
3,NCE_SCI,CS_SC7_L027_SecondLook_1,2,Custom DND,B1,Done,Drag and Drop,NotInTitle,,Drag the options to complete the diagram showing the steps in designing mitigation plans.,,https://webhost.mitrmedia.com/ftp/alef_simulation_development/Alef_Term3/To_Client/Gold/LOs/NCE/G7/CS_SC7_L027_SecondLook_1/app/index.html,Apurva
3,NCE_SCI,CS_SC5_L016_Learn_1,5,Hotspot,,Done,,,,,,,
3,NCE_SCI,CS_SC7_L021_Learn_1,5,Hotspot,,Done,,,,,,,
3,NCE_SCI,CS_SC5_L016_Learn_2,2,Hotspot,,Done,,,,,,,
3,NCE_SCI,CS_SC5_L016_Investigate_1,4,Hotspot,,Done,,,,,,,
3,NCE_SCI,CS_SC7_L022_Learn_2,2,Hotspot,,Done,,,,,,,
3,NCE_SCI,CS_SC8_L029_Learn_1,4,Hotspot,,Done,,,,,,,
3,NCE_SCI,CS_SC6_L019_Learn_2,3,Hotspot,,Done,,,,,,,
3,NCE_SCI,CS_SC7_L023_Learn_1,6,Hotspot,,Done,,,,,,,
3,NCE_SCI,CS_SC6_L020_Learn_1,5,Hotspot,,Done,,,,,,,
3,NCE_SCI,CS_SC6_L020_Learn_2,5,Hotspot,,Done,,,,,,,
3,NCE_SCI,CS_SC7_L024_Learn_1,4,Hotspot,,Done,,,,,,,
3,NCE_SCI,CS_SC6_L020_Investigate_1,3,Hotspot,,Done,,,,,,,
3,NCE_SCI,CS_SC7_L024_Investigate_1,7,Hotspot,,Done,,,,,,,
3,NCE_SCI,CS_SC6_L021_Learn_2,4,Hotspot,,Done,,,,,,,
3,NCE_SCI,CS_SC9_L024_Learn_2,4,Hotspot,,Done,,,,,,,
3,NCE_SCI,CS_SC7_L025_Learn_2,3,Hotspot,,Done,,,,,,,
3,NCE_SCI,CS_SC6_L022_Learn_2,3,Hotspot,,Done,,,,,,,
3,NCE_SCI,CS_SC9_L026_SecondLook_1,1,Hotspot,,Done,,,,,,,
3,NCE_SCI,CS_SC9_L026_Investigate_1,3,Hotspot,,Done,,,,,,,
3,MOE_SCI,SC5_L015_Learn_2,2,Custom DND,A1,Done,Drag and Drop,inTitle,, Label the picture to show what plants need to make food.,,https://webhost.mitrmedia.com/ftp/alef_simulation_development/Alef_Term3/To_Client/Gold/LOs/MOE/G5/SC5_L015_Learn_2/app/index.html,Apurva
3,MOE_SCI,SC5_L015_Review,1,Custom DND,A1,Done,Drag and Drop,inTitle,,Plants get what they need from their environment.,,https://webhost.mitrmedia.com/ftp/alef_simulation_development/Alef_Term3/To_Client/Gold/LOs/MOE/G5/SC5_L015_Review/app/,Apurva
3,MOE_SCI,SC5_L015_Review,4,Custom DND,A1,Done,Drag and Drop,inTitle,,Plants get what they need from their environment. Identify what plants need to live.,,https://webhost.mitrmedia.com/ftp/alef_simulation_development/Alef_Term3/To_Client/Gold/LOs/MOE/G5/SC5_L015_Review/app/,Apurva
3,MOE_SCI,SC6_L018_Learn_2,3,Custom DND,A1,Done,Drag and Drop,inTitle,,Complete the Punnett square of a heterozygous beetle and a homozygous beetle.,,https://webhost.mitrmedia.com/ftp/alef_simulation_development/Alef_Term3/To_Client/Beta/LOs/MOE/G6/SC6_L018_Learn_2/app/,Apurva
3,MOE_SCI,SC7_L022_Learn_2,3,Custom DND,A1,Done,Drag and Drop,inTitle,,Drag and drop the best terms to label the diagram.,,https://webhost.mitrmedia.com/ftp/alef_simulation_development/Alef_Term3/To_Client/Gold/LOs/MOE/G7/SC7_L022_Learn_2/app/index.html,Apurva
3,MOE_SCI,SC5_L016_SecondLook_2,1,Custom DND,A1,Done,Drag and Drop,inTitle,,Complete the table to show what the different types of consumers eat.,,https://webhost.mitrmedia.com/ftp/alef_simulation_development/Alef_Term3/To_Client/Beta/LOs/MOE/G5/SC5_L016_SecondLook_2/app/,Apurva
3,MOE_SCI,SC5_L016_Review,2,Custom DND,A1,Done,Drag and Drop,inTitle,,Identify if each object is a biotic abiotic factor  in a beach ecosystem,,https://webhost.mitrmedia.com/ftp/alef_simulation_development/Alef_Term3/To_Client/Gold/LOs/MOE/G5/SC5_L016_Review/app/,Apurva
3,MOE_SCI,SC5_L016_Review,5,Custom DND,A1,Done,Drag and Drop,NotInTitle,,How do producers and consumers get energy? Add the missing descriptions.,,https://webhost.mitrmedia.com/ftp/alef_simulation_development/Alef_Term3/To_Client/Gold/LOs/MOE/G5/SC5_L016_Review/app/,Apurva
3,MOE_SCI,SC7_L023_Investigate_1,6,Custom DND,A1,Done,Drag and Drop,inTitle,,Drag and drop the best term to identify which part each activity modeled.,,https://webhost.mitrmedia.com/ftp/alef_simulation_development/Alef_Term3/To_Client/Beta/LOs/MOE/G7/SC7_L023_Investigate_1/app/index.html,Apurva
3,MOE_SCI,SC5_L018_Investigate_1,3,Custom DND,A1,Done,Drag and Drop,inTitle,,Use the words in the word bank to label the,,https://webhost.mitrmedia.com/ftp/alef_simulation_development/Alef_Term3/To_Client/Gold/LOs/MOE/G5/SC5_L018_Investigate_1/app/,Apurva
3,MOE_SCI,SC5_L018_Investigate_1,5,Custom DND,A1,Done,Drag and Drop,inTitle,,Use the words in the word bank to label the Earth systems savanna  ecosystem,,https://webhost.mitrmedia.com/ftp/alef_simulation_development/Alef_Term3/To_Client/Gold/LOs/MOE/G5/SC5_L018_Investigate_1/app/,Apurva
3,MOE_SCI,SC5_L018_Investigate_1,7,Custom DND,A1,Done,Drag and Drop,inTitle,,Use the words in the word bank to label the Earth systems  ocean ecosystem.,,https://webhost.mitrmedia.com/ftp/alef_simulation_development/Alef_Term3/To_Client/Gold/LOs/MOE/G5/SC5_L018_Investigate_1/app/,Apurva
3,MOE_SCI,SC6_L019_Investigate_1,6,Custom DND,A1,Done,Drag and Drop,NotInTitle,,Drag and drop the offspring genotypes that resulted from each type of reproduction,,https://webhost.mitrmedia.com/ftp/alef_simulation_development/Alef_Term3/To_Client/Gold/LOs/MOE/G6/SC6_L019_Investigate_1/app/index.html,Apurva
3,MOE_SCI,SC6_L021_Investigate_1,6,Custom DND,,Done,Drag and Drop,inTitle,,Drag and drop the fruit in increasing order from the fewest to the most seeds.,,https://webhost.mitrmedia.com/ftp/alef_simulation_development/Alef_Term3/To_Client/Alpha/LOs/MOE/G6/SC6_L021_Investigate_1/app/index.html,Apurva
3,MOE_SCI,SC6_L022_Investigate_1,5,Custom DND,A1,Done,Drag and Drop,inTitle,,Drag and drop the maps to show how Mauritius’s population has impacted forests.,,https://webhost.mitrmedia.com/ftp/alef_simulation_development/Alef_Term3/To_Client/Gold/LOs/MOE/G6/SC6_L022_Investigate_1/app/,Apurva
3,MOE_SCI,SC5_L018_Review,3,Custom DND,A1,Done,Drag and Drop,inTitle,,Match each Earth system prefix to its meaning.,,https://webhost.mitrmedia.com/ftp/alef_simulation_development/Alef_Term3/To_Client/Beta/LOs/MOE/G5/SC5_L018_Review/app/,Apurva
3,MOE_SCI,SC6_L022_Learn_1,5,Custom DND,A1,Done,Drag and Drop,inTitle,,Drag and drop to show the cause and effect of human activities on land resources.,,https://webhost.mitrmedia.com/ftp/alef_simulation_development/Alef_Term3/To_Client/Gold/LOs/MOE/G6/SC6_L022_Learn_1/app/,Apurva
3,MOE_SCI,SC7_L025_Learn_1,5,Custom DND,A1,Done,Drag and Drop,inTitle,,Drag and drop the labels to complete the diagram about igneous rocks.,,https://webhost.mitrmedia.com/ftp/alef_simulation_development/Alef_Term3/To_Client/Gold/LOs/MOE/G7/SC7_L025_Learn_1/app/,Apurva
3,MOE_SCI,SC7_L025_Learn_2,4,Custom DND,A1,Done,Fill in the Blanks,inTitle,,Drag and drop the numbers to organize the steps of sedimentary rock formation.,,https://webhost.mitrmedia.com/ftp/alef_simulation_development/Alef_Term3/To_Client/Alpha/LOs/MOE/G7/SC7_L025_Learn_2/app/,Apurva
3,MOE_SCI,SC7_L025_Investigate_1,2,Custom DND,A1,Done,Fill in the Blanks,inTitle,,Drag and drop the best term to complete each sentence.,,https://webhost.mitrmedia.com/ftp/alef_simulation_development/Alef_Term3/To_Client/Gold/LOs/MOE/G7/SC7_L025_Investigate_1/app/,Apurva
3,MOE_SCI,SC8_L030_Review,4,Custom DND,A1,Done,Drag and Drop,inTitle,,Place the lunar phases in their correct position around Earth.,,https://webhost.mitrmedia.com/ftp/alef_simulation_development/Alef_Term3/To_Client/Gold/LOs/MOE/G8/SC8_L030_Review/app/index.html,Apurva
3,MOE_SCI,SC8_L030_Investigate_1,5,Custom DND,B1,Done,Drag and Drop,inTitle,,"Based on your observations, drag and drop the name of the moon phase onto its image.",,https://webhost.mitrmedia.com/ftp/alef_simulation_development/Alef_Term3/To_Client/Beta/LOs/MOE/G8/SC8_L030_Investigate_1/app/,Apurva
3,MOE_SCI,SC7_L025_Investigate_3,6,Custom DND,A1,Done,Fill in the Blanks,inTitle,,Drag and drop the best term to relate the model parts to the rock cycle.,,https://webhost.mitrmedia.com/ftp/alef_simulation_development/Alef_Term3/To_Client/Gold/LOs/MOE/G7/SC7_L025_Investigate_3/app/,Apurva
3,MOE_SCI,SC7_L025_Review,5,Custom DND,A1,Done,Fill in the Blanks,inTitle,,Drag and drop the best term to complete each sentence.,,https://webhost.mitrmedia.com/ftp/alef_simulation_development/Alef_Term3/To_Client/Gold/LOs/MOE/G7/SC7_L025_Review/app/,Apurva
3,MOE_SCI,SC5_L019_Review,2,Custom DND,A1,Done,Drag and Drop,inTitle,,Identify: : Place the correct labels on each part of the water cycle diagram.,,https://webhost.mitrmedia.com/ftp/alef_simulation_development/Alef_Term3/To_Client/Gold/LOs/MOE/G5/SC5_L019_Review/app/index.html,Apurva
3,MOE_SCI,SC5_L019_Investigate_1,7,Custom DND,A1,Done,Drag and Drop,inTitle,,Identify: Label the model to correctly match it to parts of the water cycle.,,https://webhost.mitrmedia.com/ftp/alef_simulation_development/Alef_Term3/To_Client/Gold/LOs/MOE/G5/SC5_L019_Investigate_1/app/index.html,Apurva
3,MOE_SCI,SC5_L020_Review,4,Custom DND,A1,Done,Drag and Drop,inTitle,,Use what you have learned to complete the food web.,,https://webhost.mitrmedia.com/ftp/alef_simulation_development/Alef_Term3/To_Client/Gold/LOs/MOE/G5/SC5_L020_Review/app/index.html,Apurva
3,MOE_SCI,SC6_L024_SecondLook_1,1,Custom DND,B1,Done,Drag and Drop,inTitle,,Identify: Place the correct descriptions to complete the table about air pollution.,,https://webhost.mitrmedia.com/ftp/alef_simulation_development/Alef_Term3/To_Client/Gold/LOs/MOE/G6/SC6_L024_SecondLook_1/app/index.html,Apurva
3,MOE_SCI,SC6_L024_Review,2,Custom DND,A1,Done,Drag and Drop,inTitle,,There are different types of air pollution Match each type to its cause and effect,,https://webhost.mitrmedia.com/ftp/alef_simulation_development/Alef_Term3/To_Client/Gold/LOs/MOE/G6/SC6_L024_Review/app/index.html,Apurva
3,MOE_SCI,SC7_L027_Investigate_1,3,Custom DND,A1,Done,Fill in the Blanks,inTitle,,Identify the observations scientists monitor to predict volcanic eruptions.,,https://webhost.mitrmedia.com/ftp/alef_simulation_development/Alef_Term3/To_Client/Gold/LOs/MOE/G7/SC7_L027_Investigate_1/app/index.html,Apurva
3,MOE_SCI,SC7_L021_SecondLook_2,2,Hotspot,,Done,,,,,,,
3,MOE_SCI,SC5_L015_Learn_1,5,Hotspot,,Done,,,,,,,
3,MOE_SCI,SC6_L018_Review,1,Hotspot,,Done,,,,,,,
3,MOE_SCI,SC7_L022_Learn_2,2,Hotspot,,Done,,,,,,,
3,MOE_SCI,SC5_L016_Review,6,Hotspot,,Done,,,,,,,
3,MOE_SCI,SC6_L019_Review,1,Hotspot,,Done,,,,,,,
3,MOE_SCI,SC8_L028_Learn_1,4,Hotspot,,Done,,,,,,,
3,MOE_SCI,SC5_L017_Learn_1,5,Hotspot,,Done,,,,,,,
3,MOE_SCI,SC5_L017_Investigate_1,3,Hotspot,,Done,,,,,,,
3,MOE_SCI,SC5_L017_Investigate_2,3,Hotspot,,Done,,,,,,,
3,MOE_SCI,SC7_L023_Review,4,Hotspot,,Done,,,,,,,
3,MOE_SCI,SC6_L020_Learn_1,4,Hotspot,,Done,,,,,,,
3,MOE_SCI,SC6_L020_Review,5,Hotspot,,Done,,,,,,,
3,MOE_SCI,SC7_L024_Learn_2,5,Hotspot,,Done,,,,,,,
3,MOE_SCI,SC6_L021_SecondLook_1,1,Hotspot,,Done,,,,,,,
3,MOE_SCI,SC8_L029_Learn_2,6,Hotspot,,Done,,,,,,,
3,MOE_SCI,SC5_L018_Learn_1,4,Hotspot,,Done,,,,,,,
3,MOE_SCI,SC5_L018_Review,2,Hotspot,,Done,,,,,,,
3,MOE_SCI,SC6_L022_Learn_1,4,Hotspot,,Done,,,,,,,
3,MOE_SCI,SC7_L025_Learn_2,3,Hotspot,,Done,,,,,,,
3,MOE_SCI,SC8_L030_SecondLook_1,2,Hotspot,,Done,,,,,,,
3,MOE_SCI,SC7_L025_Learn_3,4,Hotspot,,Done,,,,,,,
3,MOE_SCI,SC8_L031_Review,1,Hotspot,,Done,,,,,,,
3,MOE_SCI,SC7_L025_Review,2,Hotspot,,Done,,,,,,,
3,MOE_SCI,SC5_L020_Learn_1,3,Hotspot,,Done,,,,,,,
3,MOE_SCI,SC5_L019_Learn_2,2,Hotspot,,Done,,,,,,,
3,MOE_SCI,SC5_L020_Review,1,Hotspot,,Done,,,,,,,
3,MOE_SCI,SC6_L024_Learn_2,6,Hotspot,,Done,,,,,,,
3,MOE_SCI,SC6_L024_Investigate_1,2,Hotspot,,Done,,,,,,,
3,MOE_SCI,SC8_L033_SecondLook_2,1,Hotspot,,Done,,,,,,,
3,MOE_SCI,SC8_L033_Review,1,Hotspot,,Done,,,,,,,
3,MOE_SCI,SC7_L027_Review,1,Hotspot,,Done,,,,,,,
3,MOE_SCI,SC7_L027_Learn_2,2,Hotspot,,Done,,,,,,,
3,MOE_SCI,SC7_L027_Learn_1,4,Hotspot,,Done,,,,,,,
3,MOE_SCI,SC7_L028_Learn_2,5,Hotspot,,Done,,,,,,,
3,MOE_SCI,SC7_L028_Review,3,Hotspot,,Done,,,,,,,
2,NCE_SCI,CS_SC5_L012_Investigate_1,6,Custom DND,,Done,Drag and Drop,inTitle,Drag and Drop,Drag and drop the sources of water in order from the largest amount to the smallest.,,https://webhost.mitrmedia.com/ftp/alef_simulation_development/Alef_LOs_Term2/To_Client/Beta/LOs/NCE/G5/CS_SC5_L012_Investigate_1/app/,Aditi
